INSERT INTO WORKSHEET_DETAILS (WSDETAILS_ID, EMPLOYEE_ID, MONTH_VALUE) VALUES (201,1001,'January');
INSERT INTO WORKSHEET_DETAILS (WSDETAILS_ID, EMPLOYEE_ID, MONTH_VALUE) VALUES (202,1002,'February');
INSERT INTO WORKSHEET_DETAILS (WSDETAILS_ID, EMPLOYEE_ID, MONTH_VALUE) VALUES (203,1003,'March');
INSERT INTO WORKSHEET_DETAILS (WSDETAILS_ID, EMPLOYEE_ID, MONTH_VALUE) VALUES (204,1004,'April');
INSERT INTO WORKSHEET_DETAILS (WSDETAILS_ID, EMPLOYEE_ID, MONTH_VALUE) VALUES (205,1005,'May');
INSERT INTO WORKSHEET_DETAILS (WSDETAILS_ID, EMPLOYEE_ID, MONTH_VALUE) VALUES (206,1006,'June');
INSERT INTO WORKSHEET_DETAILS (WSDETAILS_ID, EMPLOYEE_ID, MONTH_VALUE) VALUES (207,1007,'July');
INSERT INTO WORKSHEET_DETAILS (WSDETAILS_ID, EMPLOYEE_ID, MONTH_VALUE) VALUES (208,1008,'August');
INSERT INTO WORKSHEET_DETAILS (WSDETAILS_ID, EMPLOYEE_ID, MONTH_VALUE) VALUES (209,1009,'September');
INSERT INTO WORKSHEET_DETAILS (WSDETAILS_ID, EMPLOYEE_ID, MONTH_VALUE) VALUES (210,1010,'October');
INSERT INTO WORKSHEET_DETAILS (WSDETAILS_ID, EMPLOYEE_ID, MONTH_VALUE) VALUES (211,1011,'November');
INSERT INTO WORKSHEET_DETAILS (WSDETAILS_ID, EMPLOYEE_ID, MONTH_VALUE) VALUES (212,1012,'December');
INSERT INTO WORKSHEET_DETAILS (WSDETAILS_ID, EMPLOYEE_ID, MONTH_VALUE) VALUES (213,1013,'January');
INSERT INTO WORKSHEET_DETAILS (WSDETAILS_ID, EMPLOYEE_ID, MONTH_VALUE) VALUES (214,1014,'February');
INSERT INTO WORKSHEET_DETAILS (WSDETAILS_ID, EMPLOYEE_ID, MONTH_VALUE) VALUES (215,1015,'March');
INSERT INTO WORKSHEET_DETAILS (WSDETAILS_ID, EMPLOYEE_ID, MONTH_VALUE) VALUES (216,1016,'April');
INSERT INTO WORKSHEET_DETAILS (WSDETAILS_ID, EMPLOYEE_ID, MONTH_VALUE) VALUES (217,1017,'May');
INSERT INTO WORKSHEET_DETAILS (WSDETAILS_ID, EMPLOYEE_ID, MONTH_VALUE) VALUES (218,1018,'June');
INSERT INTO WORKSHEET_DETAILS (WSDETAILS_ID, EMPLOYEE_ID, MONTH_VALUE) VALUES (219,1019,'July');
INSERT INTO WORKSHEET_DETAILS (WSDETAILS_ID, EMPLOYEE_ID, MONTH_VALUE) VALUES (220,1020,'August');
INSERT INTO WORKSHEET_DETAILS (WSDETAILS_ID, EMPLOYEE_ID, MONTH_VALUE) VALUES (221,1001,'September');
INSERT INTO WORKSHEET_DETAILS (WSDETAILS_ID, EMPLOYEE_ID, MONTH_VALUE) VALUES (222,1002,'October');
INSERT INTO WORKSHEET_DETAILS (WSDETAILS_ID, EMPLOYEE_ID, MONTH_VALUE) VALUES (223,1003,'November');
INSERT INTO WORKSHEET_DETAILS (WSDETAILS_ID, EMPLOYEE_ID, MONTH_VALUE) VALUES (224,1004,'December');
INSERT INTO WORKSHEET_DETAILS (WSDETAILS_ID, EMPLOYEE_ID, MONTH_VALUE) VALUES (225,1005,'January');
INSERT INTO WORKSHEET_DETAILS (WSDETAILS_ID, EMPLOYEE_ID, MONTH_VALUE) VALUES (226,1006,'February');
INSERT INTO WORKSHEET_DETAILS (WSDETAILS_ID, EMPLOYEE_ID, MONTH_VALUE) VALUES (227,1007,'March');
INSERT INTO WORKSHEET_DETAILS (WSDETAILS_ID, EMPLOYEE_ID, MONTH_VALUE) VALUES (228,1008,'April');
INSERT INTO WORKSHEET_DETAILS (WSDETAILS_ID, EMPLOYEE_ID, MONTH_VALUE) VALUES (229,1009,'May');
INSERT INTO WORKSHEET_DETAILS (WSDETAILS_ID, EMPLOYEE_ID, MONTH_VALUE) VALUES (230,1010,'June');
INSERT INTO WORKSHEET_DETAILS (WSDETAILS_ID, EMPLOYEE_ID, MONTH_VALUE) VALUES (231,1011,'July');
INSERT INTO WORKSHEET_DETAILS (WSDETAILS_ID, EMPLOYEE_ID, MONTH_VALUE) VALUES (232,1012,'August');
INSERT INTO WORKSHEET_DETAILS (WSDETAILS_ID, EMPLOYEE_ID, MONTH_VALUE) VALUES (233,1013,'September');
INSERT INTO WORKSHEET_DETAILS (WSDETAILS_ID, EMPLOYEE_ID, MONTH_VALUE) VALUES (234,1014,'October');
INSERT INTO WORKSHEET_DETAILS (WSDETAILS_ID, EMPLOYEE_ID, MONTH_VALUE) VALUES (235,1015,'November');
INSERT INTO WORKSHEET_DETAILS (WSDETAILS_ID, EMPLOYEE_ID, MONTH_VALUE) VALUES (236,1016,'December');
INSERT INTO WORKSHEET_DETAILS (WSDETAILS_ID, EMPLOYEE_ID, MONTH_VALUE) VALUES (237,1017,'January');
INSERT INTO WORKSHEET_DETAILS (WSDETAILS_ID, EMPLOYEE_ID, MONTH_VALUE) VALUES (238,1018,'February');
INSERT INTO WORKSHEET_DETAILS (WSDETAILS_ID, EMPLOYEE_ID, MONTH_VALUE) VALUES (239,1019,'March');
INSERT INTO WORKSHEET_DETAILS (WSDETAILS_ID, EMPLOYEE_ID, MONTH_VALUE) VALUES (240,1020,'April');
INSERT INTO WORKSHEET_DETAILS (WSDETAILS_ID, EMPLOYEE_ID, MONTH_VALUE) VALUES (241,1001,'May');
INSERT INTO WORKSHEET_DETAILS (WSDETAILS_ID, EMPLOYEE_ID, MONTH_VALUE) VALUES (242,1002,'June');
INSERT INTO WORKSHEET_DETAILS (WSDETAILS_ID, EMPLOYEE_ID, MONTH_VALUE) VALUES (243,1003,'July');
INSERT INTO WORKSHEET_DETAILS (WSDETAILS_ID, EMPLOYEE_ID, MONTH_VALUE) VALUES (244,1004,'August');
INSERT INTO WORKSHEET_DETAILS (WSDETAILS_ID, EMPLOYEE_ID, MONTH_VALUE) VALUES (245,1005,'September');
INSERT INTO WORKSHEET_DETAILS (WSDETAILS_ID, EMPLOYEE_ID, MONTH_VALUE) VALUES (246,1006,'October');
INSERT INTO WORKSHEET_DETAILS (WSDETAILS_ID, EMPLOYEE_ID, MONTH_VALUE) VALUES (247,1007,'November');
INSERT INTO WORKSHEET_DETAILS (WSDETAILS_ID, EMPLOYEE_ID, MONTH_VALUE) VALUES (248,1008,'December');
INSERT INTO WORKSHEET_DETAILS (WSDETAILS_ID, EMPLOYEE_ID, MONTH_VALUE) VALUES (249,1009,'January');
INSERT INTO WORKSHEET_DETAILS (WSDETAILS_ID, EMPLOYEE_ID, MONTH_VALUE) VALUES (250,1010,'February');
INSERT INTO WORKSHEET_DETAILS (WSDETAILS_ID, EMPLOYEE_ID, MONTH_VALUE) VALUES (251,1011,'March');
INSERT INTO WORKSHEET_DETAILS (WSDETAILS_ID, EMPLOYEE_ID, MONTH_VALUE) VALUES (252,1012,'April');
INSERT INTO WORKSHEET_DETAILS (WSDETAILS_ID, EMPLOYEE_ID, MONTH_VALUE) VALUES (253,1013,'May');
INSERT INTO WORKSHEET_DETAILS (WSDETAILS_ID, EMPLOYEE_ID, MONTH_VALUE) VALUES (254,1014,'June');
INSERT INTO WORKSHEET_DETAILS (WSDETAILS_ID, EMPLOYEE_ID, MONTH_VALUE) VALUES (255,1015,'July');
INSERT INTO WORKSHEET_DETAILS (WSDETAILS_ID, EMPLOYEE_ID, MONTH_VALUE) VALUES (256,1016,'August');
INSERT INTO WORKSHEET_DETAILS (WSDETAILS_ID, EMPLOYEE_ID, MONTH_VALUE) VALUES (257,1017,'September');
INSERT INTO WORKSHEET_DETAILS (WSDETAILS_ID, EMPLOYEE_ID, MONTH_VALUE) VALUES (258,1018,'October');
INSERT INTO WORKSHEET_DETAILS (WSDETAILS_ID, EMPLOYEE_ID, MONTH_VALUE) VALUES (259,1019,'November');
INSERT INTO WORKSHEET_DETAILS (WSDETAILS_ID, EMPLOYEE_ID, MONTH_VALUE) VALUES (260,1020,'December');

INSERT INTO WORKSHEET (WORKSHEET_ID, WSDETAILS_ID, WORK_STATUS, NO_OF_HOURS, PROJECT_CODE, DATE) VALUES (301,201,'WORKING',8,5263,'2022-1-7');
INSERT INTO WORKSHEET (WORKSHEET_ID, WSDETAILS_ID, WORK_STATUS, NO_OF_HOURS, PROJECT_CODE, DATE) VALUES (302,202,'WORKING',8,5263,'2022-2-24');
INSERT INTO WORKSHEET (WORKSHEET_ID, WSDETAILS_ID, WORK_STATUS, NO_OF_HOURS, PROJECT_CODE, DATE) VALUES (303,203,'WORKING',8,5263,'2022-3-7');
INSERT INTO WORKSHEET (WORKSHEET_ID, WSDETAILS_ID, WORK_STATUS, NO_OF_HOURS, PROJECT_CODE, DATE) VALUES (304,204,'WORKING',8,5263,'2022-4-6');
INSERT INTO WORKSHEET (WORKSHEET_ID, WSDETAILS_ID, WORK_STATUS, NO_OF_HOURS, PROJECT_CODE, DATE) VALUES (305,205,'WORKING',8,5263,'2022-5-24');
INSERT INTO WORKSHEET (WORKSHEET_ID, WSDETAILS_ID, WORK_STATUS, NO_OF_HOURS, PROJECT_CODE, DATE) VALUES (306,206,'WORKING',8,5263,'2022-6-4');
INSERT INTO WORKSHEET (WORKSHEET_ID, WSDETAILS_ID, WORK_STATUS, NO_OF_HOURS, PROJECT_CODE, DATE) VALUES (307,207,'WORKING',8,5263,'2022-7-1');
INSERT INTO WORKSHEET (WORKSHEET_ID, WSDETAILS_ID, WORK_STATUS, NO_OF_HOURS, PROJECT_CODE, DATE) VALUES (308,208,'WORKING',8,5263,'2022-8-4');
INSERT INTO WORKSHEET (WORKSHEET_ID, WSDETAILS_ID, WORK_STATUS, NO_OF_HOURS, PROJECT_CODE, DATE) VALUES (309,209,'WORKING',8,5263,'2022-9-17');
INSERT INTO WORKSHEET (WORKSHEET_ID, WSDETAILS_ID, WORK_STATUS, NO_OF_HOURS, PROJECT_CODE, DATE) VALUES (310,210,'WORKING',8,5263,'2022-10-25');
INSERT INTO WORKSHEET (WORKSHEET_ID, WSDETAILS_ID, WORK_STATUS, NO_OF_HOURS, PROJECT_CODE, DATE) VALUES (311,211,'ABSENT',8,5263,'2022-11-23');
INSERT INTO WORKSHEET (WORKSHEET_ID, WSDETAILS_ID, WORK_STATUS, NO_OF_HOURS, PROJECT_CODE, DATE) VALUES (312,212,'ABSENT',8,5263,'2022-12-1');
INSERT INTO WORKSHEET (WORKSHEET_ID, WSDETAILS_ID, WORK_STATUS, NO_OF_HOURS, PROJECT_CODE, DATE) VALUES (313,213,'ABSENT',8,5263,'2022-1-11');
INSERT INTO WORKSHEET (WORKSHEET_ID, WSDETAILS_ID, WORK_STATUS, NO_OF_HOURS, PROJECT_CODE, DATE) VALUES (314,214,'ABSENT',8,5263,'2022-2-13');
INSERT INTO WORKSHEET (WORKSHEET_ID, WSDETAILS_ID, WORK_STATUS, NO_OF_HOURS, PROJECT_CODE, DATE) VALUES (315,215,'ABSENT',8,5263,'2022-3-3');
INSERT INTO WORKSHEET (WORKSHEET_ID, WSDETAILS_ID, WORK_STATUS, NO_OF_HOURS, PROJECT_CODE, DATE) VALUES (316,216,'ABSENT',8,5263,'2022-4-1');
INSERT INTO WORKSHEET (WORKSHEET_ID, WSDETAILS_ID, WORK_STATUS, NO_OF_HOURS, PROJECT_CODE, DATE) VALUES (317,217,'ABSENT',8,5263,'2022-5-10');
INSERT INTO WORKSHEET (WORKSHEET_ID, WSDETAILS_ID, WORK_STATUS, NO_OF_HOURS, PROJECT_CODE, DATE) VALUES (318,218,'ABSENT',8,5263,'2022-6-28');
INSERT INTO WORKSHEET (WORKSHEET_ID, WSDETAILS_ID, WORK_STATUS, NO_OF_HOURS, PROJECT_CODE, DATE) VALUES (319,219,'ABSENT',8,5263,'2022-7-13');
INSERT INTO WORKSHEET (WORKSHEET_ID, WSDETAILS_ID, WORK_STATUS, NO_OF_HOURS, PROJECT_CODE, DATE) VALUES (320,220,'ABSENT',8,5263,'2022-8-10');
INSERT INTO WORKSHEET (WORKSHEET_ID, WSDETAILS_ID, WORK_STATUS, NO_OF_HOURS, PROJECT_CODE, DATE) VALUES (321,221,'ABSENT',8,5263,'2022-9-26');
INSERT INTO WORKSHEET (WORKSHEET_ID, WSDETAILS_ID, WORK_STATUS, NO_OF_HOURS, PROJECT_CODE, DATE) VALUES (322,222,'WORKING',8,5263,'2022-10-5');
INSERT INTO WORKSHEET (WORKSHEET_ID, WSDETAILS_ID, WORK_STATUS, NO_OF_HOURS, PROJECT_CODE, DATE) VALUES (323,223,'WORKING',8,5263,'2022-11-29');
INSERT INTO WORKSHEET (WORKSHEET_ID, WSDETAILS_ID, WORK_STATUS, NO_OF_HOURS, PROJECT_CODE, DATE) VALUES (324,224,'WORKING',8,5263,'2022-12-21');
INSERT INTO WORKSHEET (WORKSHEET_ID, WSDETAILS_ID, WORK_STATUS, NO_OF_HOURS, PROJECT_CODE, DATE) VALUES (325,225,'WORKING',8,5263,'2022-1-7');
INSERT INTO WORKSHEET (WORKSHEET_ID, WSDETAILS_ID, WORK_STATUS, NO_OF_HOURS, PROJECT_CODE, DATE) VALUES (326,226,'WORKING',8,5263,'2022-2-20');
INSERT INTO WORKSHEET (WORKSHEET_ID, WSDETAILS_ID, WORK_STATUS, NO_OF_HOURS, PROJECT_CODE, DATE) VALUES (327,227,'WORKING',8,5263,'2022-3-15');
INSERT INTO WORKSHEET (WORKSHEET_ID, WSDETAILS_ID, WORK_STATUS, NO_OF_HOURS, PROJECT_CODE, DATE) VALUES (328,228,'WORKING',8,5263,'2022-4-20');
INSERT INTO WORKSHEET (WORKSHEET_ID, WSDETAILS_ID, WORK_STATUS, NO_OF_HOURS, PROJECT_CODE, DATE) VALUES (329,229,'WORKING',8,5263,'2022-5-16');
INSERT INTO WORKSHEET (WORKSHEET_ID, WSDETAILS_ID, WORK_STATUS, NO_OF_HOURS, PROJECT_CODE, DATE) VALUES (330,230,'WORKING',8,5263,'2022-6-5');
INSERT INTO WORKSHEET (WORKSHEET_ID, WSDETAILS_ID, WORK_STATUS, NO_OF_HOURS, PROJECT_CODE, DATE) VALUES (331,231,'WORKING',8,5263,'2022-7-10');
INSERT INTO WORKSHEET (WORKSHEET_ID, WSDETAILS_ID, WORK_STATUS, NO_OF_HOURS, PROJECT_CODE, DATE) VALUES (332,232,'WORKING',8,5263,'2022-8-18');
INSERT INTO WORKSHEET (WORKSHEET_ID, WSDETAILS_ID, WORK_STATUS, NO_OF_HOURS, PROJECT_CODE, DATE) VALUES (333,233,'WORKING',8,5263,'2022-9-1');
INSERT INTO WORKSHEET (WORKSHEET_ID, WSDETAILS_ID, WORK_STATUS, NO_OF_HOURS, PROJECT_CODE, DATE) VALUES (334,234,'WORKING',8,5263,'2022-10-8');
INSERT INTO WORKSHEET (WORKSHEET_ID, WSDETAILS_ID, WORK_STATUS, NO_OF_HOURS, PROJECT_CODE, DATE) VALUES (335,235,'WORKING',8,5263,'2022-11-24');
INSERT INTO WORKSHEET (WORKSHEET_ID, WSDETAILS_ID, WORK_STATUS, NO_OF_HOURS, PROJECT_CODE, DATE) VALUES (336,236,'WORKING',8,5263,'2022-12-7');
INSERT INTO WORKSHEET (WORKSHEET_ID, WSDETAILS_ID, WORK_STATUS, NO_OF_HOURS, PROJECT_CODE, DATE) VALUES (337,237,'WORKING',8,5263,'2022-1-9');
INSERT INTO WORKSHEET (WORKSHEET_ID, WSDETAILS_ID, WORK_STATUS, NO_OF_HOURS, PROJECT_CODE, DATE) VALUES (338,238,'WORKING',8,5263,'2022-2-26');
INSERT INTO WORKSHEET (WORKSHEET_ID, WSDETAILS_ID, WORK_STATUS, NO_OF_HOURS, PROJECT_CODE, DATE) VALUES (339,239,'WORKING',8,5263,'2022-3-20');
INSERT INTO WORKSHEET (WORKSHEET_ID, WSDETAILS_ID, WORK_STATUS, NO_OF_HOURS, PROJECT_CODE, DATE) VALUES (340,240,'WORKING',8,5263,'2022-4-18');
INSERT INTO WORKSHEET (WORKSHEET_ID, WSDETAILS_ID, WORK_STATUS, NO_OF_HOURS, PROJECT_CODE, DATE) VALUES (341,241,'WORKING',8,5263,'2022-5-21');
INSERT INTO WORKSHEET (WORKSHEET_ID, WSDETAILS_ID, WORK_STATUS, NO_OF_HOURS, PROJECT_CODE, DATE) VALUES (342,242,'WORKING',8,5263,'2022-6-6');
INSERT INTO WORKSHEET (WORKSHEET_ID, WSDETAILS_ID, WORK_STATUS, NO_OF_HOURS, PROJECT_CODE, DATE) VALUES (343,243,'WORKING',8,5263,'2022-7-14');
INSERT INTO WORKSHEET (WORKSHEET_ID, WSDETAILS_ID, WORK_STATUS, NO_OF_HOURS, PROJECT_CODE, DATE) VALUES (344,244,'WORKING',8,5263,'2022-8-7');
INSERT INTO WORKSHEET (WORKSHEET_ID, WSDETAILS_ID, WORK_STATUS, NO_OF_HOURS, PROJECT_CODE, DATE) VALUES (345,245,'WORKING',8,5263,'2022-9-24');
INSERT INTO WORKSHEET (WORKSHEET_ID, WSDETAILS_ID, WORK_STATUS, NO_OF_HOURS, PROJECT_CODE, DATE) VALUES (346,246,'WORKING',8,5263,'2022-10-3');
INSERT INTO WORKSHEET (WORKSHEET_ID, WSDETAILS_ID, WORK_STATUS, NO_OF_HOURS, PROJECT_CODE, DATE) VALUES (347,247,'WORKING',8,5263,'2022-11-19');
INSERT INTO WORKSHEET (WORKSHEET_ID, WSDETAILS_ID, WORK_STATUS, NO_OF_HOURS, PROJECT_CODE, DATE) VALUES (348,248,'WORKING',8,5263,'2022-12-1');
INSERT INTO WORKSHEET (WORKSHEET_ID, WSDETAILS_ID, WORK_STATUS, NO_OF_HOURS, PROJECT_CODE, DATE) VALUES (349,249,'WORKING',8,5263,'2022-1-26');
INSERT INTO WORKSHEET (WORKSHEET_ID, WSDETAILS_ID, WORK_STATUS, NO_OF_HOURS, PROJECT_CODE, DATE) VALUES (350,250,'WORKING',8,5263,'2022-2-9');
INSERT INTO WORKSHEET (WORKSHEET_ID, WSDETAILS_ID, WORK_STATUS, NO_OF_HOURS, PROJECT_CODE, DATE) VALUES (351,251,'WORKING',8,5263,'2022-3-25');
INSERT INTO WORKSHEET (WORKSHEET_ID, WSDETAILS_ID, WORK_STATUS, NO_OF_HOURS, PROJECT_CODE, DATE) VALUES (352,252,'WORKING',8,5263,'2022-4-7');
INSERT INTO WORKSHEET (WORKSHEET_ID, WSDETAILS_ID, WORK_STATUS, NO_OF_HOURS, PROJECT_CODE, DATE) VALUES (353,253,'WORKING',8,5263,'2022-5-17');
INSERT INTO WORKSHEET (WORKSHEET_ID, WSDETAILS_ID, WORK_STATUS, NO_OF_HOURS, PROJECT_CODE, DATE) VALUES (354,254,'WORKING',8,5263,'2022-6-13');
INSERT INTO WORKSHEET (WORKSHEET_ID, WSDETAILS_ID, WORK_STATUS, NO_OF_HOURS, PROJECT_CODE, DATE) VALUES (355,255,'WORKING',8,5263,'2022-7-21');
INSERT INTO WORKSHEET (WORKSHEET_ID, WSDETAILS_ID, WORK_STATUS, NO_OF_HOURS, PROJECT_CODE, DATE) VALUES (356,256,'WORKING',8,5263,'2022-8-22');
INSERT INTO WORKSHEET (WORKSHEET_ID, WSDETAILS_ID, WORK_STATUS, NO_OF_HOURS, PROJECT_CODE, DATE) VALUES (357,257,'WORKING',8,5263,'2022-9-23');
INSERT INTO WORKSHEET (WORKSHEET_ID, WSDETAILS_ID, WORK_STATUS, NO_OF_HOURS, PROJECT_CODE, DATE) VALUES (358,258,'WORKING',8,5263,'2022-10-1');
INSERT INTO WORKSHEET (WORKSHEET_ID, WSDETAILS_ID, WORK_STATUS, NO_OF_HOURS, PROJECT_CODE, DATE) VALUES (359,259,'WORKING',8,5263,'2022-11-27');
INSERT INTO WORKSHEET (WORKSHEET_ID, WSDETAILS_ID, WORK_STATUS, NO_OF_HOURS, PROJECT_CODE, DATE) VALUES (360,260,'HOLIDAY',8,5263,'2022-12-11');
INSERT INTO WORKSHEET (WORKSHEET_ID, WSDETAILS_ID, WORK_STATUS, NO_OF_HOURS, PROJECT_CODE, DATE) VALUES (361,201,'HOLIDAY',8,5263,'2022-1-28');
INSERT INTO WORKSHEET (WORKSHEET_ID, WSDETAILS_ID, WORK_STATUS, NO_OF_HOURS, PROJECT_CODE, DATE) VALUES (362,202,'HOLIDAY',8,5263,'2022-2-5');
INSERT INTO WORKSHEET (WORKSHEET_ID, WSDETAILS_ID, WORK_STATUS, NO_OF_HOURS, PROJECT_CODE, DATE) VALUES (363,203,'HOLIDAY',8,5263,'2022-3-19');
INSERT INTO WORKSHEET (WORKSHEET_ID, WSDETAILS_ID, WORK_STATUS, NO_OF_HOURS, PROJECT_CODE, DATE) VALUES (364,204,'HOLIDAY',8,5263,'2022-4-28');
INSERT INTO WORKSHEET (WORKSHEET_ID, WSDETAILS_ID, WORK_STATUS, NO_OF_HOURS, PROJECT_CODE, DATE) VALUES (365,205,'HOLIDAY',8,5263,'2022-5-28');
INSERT INTO WORKSHEET (WORKSHEET_ID, WSDETAILS_ID, WORK_STATUS, NO_OF_HOURS, PROJECT_CODE, DATE) VALUES (366,206,'HOLIDAY',8,5263,'2022-6-24');
INSERT INTO WORKSHEET (WORKSHEET_ID, WSDETAILS_ID, WORK_STATUS, NO_OF_HOURS, PROJECT_CODE, DATE) VALUES (367,207,'HOLIDAY',8,5263,'2022-7-26');
INSERT INTO WORKSHEET (WORKSHEET_ID, WSDETAILS_ID, WORK_STATUS, NO_OF_HOURS, PROJECT_CODE, DATE) VALUES (368,208,'HOLIDAY',8,5263,'2022-8-4');
INSERT INTO WORKSHEET (WORKSHEET_ID, WSDETAILS_ID, WORK_STATUS, NO_OF_HOURS, PROJECT_CODE, DATE) VALUES (369,209,'HOLIDAY',8,5263,'2022-9-26');
INSERT INTO WORKSHEET (WORKSHEET_ID, WSDETAILS_ID, WORK_STATUS, NO_OF_HOURS, PROJECT_CODE, DATE) VALUES (370,210,'HOLIDAY',8,5263,'2022-10-21');
INSERT INTO WORKSHEET (WORKSHEET_ID, WSDETAILS_ID, WORK_STATUS, NO_OF_HOURS, PROJECT_CODE, DATE) VALUES (371,211,'HOLIDAY',8,5263,'2022-11-12');
INSERT INTO WORKSHEET (WORKSHEET_ID, WSDETAILS_ID, WORK_STATUS, NO_OF_HOURS, PROJECT_CODE, DATE) VALUES (372,212,'HOLIDAY',8,5263,'2022-12-24');
INSERT INTO WORKSHEET (WORKSHEET_ID, WSDETAILS_ID, WORK_STATUS, NO_OF_HOURS, PROJECT_CODE, DATE) VALUES (373,213,'HOLIDAY',8,5263,'2022-1-27');
INSERT INTO WORKSHEET (WORKSHEET_ID, WSDETAILS_ID, WORK_STATUS, NO_OF_HOURS, PROJECT_CODE, DATE) VALUES (374,214,'HOLIDAY',8,5263,'2022-2-20');
INSERT INTO WORKSHEET (WORKSHEET_ID, WSDETAILS_ID, WORK_STATUS, NO_OF_HOURS, PROJECT_CODE, DATE) VALUES (375,215,'ABSENT',8,5263,'2022-3-11');
INSERT INTO WORKSHEET (WORKSHEET_ID, WSDETAILS_ID, WORK_STATUS, NO_OF_HOURS, PROJECT_CODE, DATE) VALUES (376,216,'ABSENT',8,5263,'2022-4-21');
INSERT INTO WORKSHEET (WORKSHEET_ID, WSDETAILS_ID, WORK_STATUS, NO_OF_HOURS, PROJECT_CODE, DATE) VALUES (377,217,'ABSENT',8,5263,'2022-5-11');
INSERT INTO WORKSHEET (WORKSHEET_ID, WSDETAILS_ID, WORK_STATUS, NO_OF_HOURS, PROJECT_CODE, DATE) VALUES (378,218,'ABSENT',8,5263,'2022-6-6');
INSERT INTO WORKSHEET (WORKSHEET_ID, WSDETAILS_ID, WORK_STATUS, NO_OF_HOURS, PROJECT_CODE, DATE) VALUES (379,219,'ABSENT',8,5263,'2022-7-18');
INSERT INTO WORKSHEET (WORKSHEET_ID, WSDETAILS_ID, WORK_STATUS, NO_OF_HOURS, PROJECT_CODE, DATE) VALUES (380,220,'ABSENT',8,5263,'2022-8-16');
INSERT INTO WORKSHEET (WORKSHEET_ID, WSDETAILS_ID, WORK_STATUS, NO_OF_HOURS, PROJECT_CODE, DATE) VALUES (381,221,'ABSENT',8,5263,'2022-9-5');
INSERT INTO WORKSHEET (WORKSHEET_ID, WSDETAILS_ID, WORK_STATUS, NO_OF_HOURS, PROJECT_CODE, DATE) VALUES (382,222,'ABSENT',8,5263,'2022-10-28');
INSERT INTO WORKSHEET (WORKSHEET_ID, WSDETAILS_ID, WORK_STATUS, NO_OF_HOURS, PROJECT_CODE, DATE) VALUES (383,223,'ABSENT',8,5263,'2022-11-5');
INSERT INTO WORKSHEET (WORKSHEET_ID, WSDETAILS_ID, WORK_STATUS, NO_OF_HOURS, PROJECT_CODE, DATE) VALUES (384,224,'ABSENT',8,5263,'2022-12-24');
INSERT INTO WORKSHEET (WORKSHEET_ID, WSDETAILS_ID, WORK_STATUS, NO_OF_HOURS, PROJECT_CODE, DATE) VALUES (385,225,'ABSENT',8,5263,'2022-1-20');
INSERT INTO WORKSHEET (WORKSHEET_ID, WSDETAILS_ID, WORK_STATUS, NO_OF_HOURS, PROJECT_CODE, DATE) VALUES (386,226,'HOLIDAY',8,5263,'2022-2-6');
INSERT INTO WORKSHEET (WORKSHEET_ID, WSDETAILS_ID, WORK_STATUS, NO_OF_HOURS, PROJECT_CODE, DATE) VALUES (387,227,'HOLIDAY',8,5263,'2022-3-21');
INSERT INTO WORKSHEET (WORKSHEET_ID, WSDETAILS_ID, WORK_STATUS, NO_OF_HOURS, PROJECT_CODE, DATE) VALUES (388,228,'HOLIDAY',8,5263,'2022-4-23');
INSERT INTO WORKSHEET (WORKSHEET_ID, WSDETAILS_ID, WORK_STATUS, NO_OF_HOURS, PROJECT_CODE, DATE) VALUES (389,229,'HOLIDAY',8,5263,'2022-5-6');
INSERT INTO WORKSHEET (WORKSHEET_ID, WSDETAILS_ID, WORK_STATUS, NO_OF_HOURS, PROJECT_CODE, DATE) VALUES (390,230,'HOLIDAY',8,5263,'2022-6-11');
INSERT INTO WORKSHEET (WORKSHEET_ID, WSDETAILS_ID, WORK_STATUS, NO_OF_HOURS, PROJECT_CODE, DATE) VALUES (391,231,'HOLIDAY',8,5263,'2022-7-16');
INSERT INTO WORKSHEET (WORKSHEET_ID, WSDETAILS_ID, WORK_STATUS, NO_OF_HOURS, PROJECT_CODE, DATE) VALUES (392,232,'HOLIDAY',8,5263,'2022-8-28');
INSERT INTO WORKSHEET (WORKSHEET_ID, WSDETAILS_ID, WORK_STATUS, NO_OF_HOURS, PROJECT_CODE, DATE) VALUES (393,233,'HOLIDAY',8,5263,'2022-9-10');
INSERT INTO WORKSHEET (WORKSHEET_ID, WSDETAILS_ID, WORK_STATUS, NO_OF_HOURS, PROJECT_CODE, DATE) VALUES (394,234,'HOLIDAY',8,5263,'2022-10-2');
INSERT INTO WORKSHEET (WORKSHEET_ID, WSDETAILS_ID, WORK_STATUS, NO_OF_HOURS, PROJECT_CODE, DATE) VALUES (395,235,'HOLIDAY',8,5263,'2022-11-10');
INSERT INTO WORKSHEET (WORKSHEET_ID, WSDETAILS_ID, WORK_STATUS, NO_OF_HOURS, PROJECT_CODE, DATE) VALUES (396,236,'HOLIDAY',8,5263,'2022-12-13');
INSERT INTO WORKSHEET (WORKSHEET_ID, WSDETAILS_ID, WORK_STATUS, NO_OF_HOURS, PROJECT_CODE, DATE) VALUES (397,237,'HOLIDAY',8,5263,'2022-1-8');
INSERT INTO WORKSHEET (WORKSHEET_ID, WSDETAILS_ID, WORK_STATUS, NO_OF_HOURS, PROJECT_CODE, DATE) VALUES (398,238,'HOLIDAY',8,5263,'2022-2-20');
INSERT INTO WORKSHEET (WORKSHEET_ID, WSDETAILS_ID, WORK_STATUS, NO_OF_HOURS, PROJECT_CODE, DATE) VALUES (399,239,'HOLIDAY',8,5263,'2022-3-5');
INSERT INTO WORKSHEET (WORKSHEET_ID, WSDETAILS_ID, WORK_STATUS, NO_OF_HOURS, PROJECT_CODE, DATE) VALUES (400,240,'HOLIDAY',8,5263,'2022-4-8');
INSERT INTO WORKSHEET (WORKSHEET_ID, WSDETAILS_ID, WORK_STATUS, NO_OF_HOURS, PROJECT_CODE, DATE) VALUES (401,241,'HOLIDAY',8,5263,'2022-5-24');
INSERT INTO WORKSHEET (WORKSHEET_ID, WSDETAILS_ID, WORK_STATUS, NO_OF_HOURS, PROJECT_CODE, DATE) VALUES (402,242,'HOLIDAY',8,5263,'2022-6-5');
INSERT INTO WORKSHEET (WORKSHEET_ID, WSDETAILS_ID, WORK_STATUS, NO_OF_HOURS, PROJECT_CODE, DATE) VALUES (403,243,'HOLIDAY',8,5263,'2022-7-27');
INSERT INTO WORKSHEET (WORKSHEET_ID, WSDETAILS_ID, WORK_STATUS, NO_OF_HOURS, PROJECT_CODE, DATE) VALUES (404,244,'HOLIDAY',8,5263,'2022-8-11');
INSERT INTO WORKSHEET (WORKSHEET_ID, WSDETAILS_ID, WORK_STATUS, NO_OF_HOURS, PROJECT_CODE, DATE) VALUES (405,245,'HOLIDAY',8,5263,'2022-9-21');
INSERT INTO WORKSHEET (WORKSHEET_ID, WSDETAILS_ID, WORK_STATUS, NO_OF_HOURS, PROJECT_CODE, DATE) VALUES (406,246,'HOLIDAY',8,5263,'2022-10-28');
INSERT INTO WORKSHEET (WORKSHEET_ID, WSDETAILS_ID, WORK_STATUS, NO_OF_HOURS, PROJECT_CODE, DATE) VALUES (407,247,'HOLIDAY',8,5263,'2022-11-20');
INSERT INTO WORKSHEET (WORKSHEET_ID, WSDETAILS_ID, WORK_STATUS, NO_OF_HOURS, PROJECT_CODE, DATE) VALUES (408,248,'HOLIDAY',8,5263,'2022-12-1');
INSERT INTO WORKSHEET (WORKSHEET_ID, WSDETAILS_ID, WORK_STATUS, NO_OF_HOURS, PROJECT_CODE, DATE) VALUES (409,249,'HOLIDAY',8,5263,'2022-1-22');
INSERT INTO WORKSHEET (WORKSHEET_ID, WSDETAILS_ID, WORK_STATUS, NO_OF_HOURS, PROJECT_CODE, DATE) VALUES (410,250,'HOLIDAY',8,5263,'2022-2-5');
INSERT INTO WORKSHEET (WORKSHEET_ID, WSDETAILS_ID, WORK_STATUS, NO_OF_HOURS, PROJECT_CODE, DATE) VALUES (411,251,'HOLIDAY',8,5263,'2022-3-23');
INSERT INTO WORKSHEET (WORKSHEET_ID, WSDETAILS_ID, WORK_STATUS, NO_OF_HOURS, PROJECT_CODE, DATE) VALUES (412,252,'HOLIDAY',8,5263,'2022-4-13');
INSERT INTO WORKSHEET (WORKSHEET_ID, WSDETAILS_ID, WORK_STATUS, NO_OF_HOURS, PROJECT_CODE, DATE) VALUES (413,253,'HOLIDAY',8,5263,'2022-5-28');
INSERT INTO WORKSHEET (WORKSHEET_ID, WSDETAILS_ID, WORK_STATUS, NO_OF_HOURS, PROJECT_CODE, DATE) VALUES (414,254,'HOLIDAY',8,5263,'2022-6-24');
INSERT INTO WORKSHEET (WORKSHEET_ID, WSDETAILS_ID, WORK_STATUS, NO_OF_HOURS, PROJECT_CODE, DATE) VALUES (415,255,'HOLIDAY',8,5263,'2022-7-28');
INSERT INTO WORKSHEET (WORKSHEET_ID, WSDETAILS_ID, WORK_STATUS, NO_OF_HOURS, PROJECT_CODE, DATE) VALUES (416,256,'HOLIDAY',8,5263,'2022-8-24');
INSERT INTO WORKSHEET (WORKSHEET_ID, WSDETAILS_ID, WORK_STATUS, NO_OF_HOURS, PROJECT_CODE, DATE) VALUES (417,257,'HOLIDAY',8,5263,'2022-9-19');
INSERT INTO WORKSHEET (WORKSHEET_ID, WSDETAILS_ID, WORK_STATUS, NO_OF_HOURS, PROJECT_CODE, DATE) VALUES (418,258,'HOLIDAY',8,5263,'2022-10-6');
INSERT INTO WORKSHEET (WORKSHEET_ID, WSDETAILS_ID, WORK_STATUS, NO_OF_HOURS, PROJECT_CODE, DATE) VALUES (419,259,'HOLIDAY',8,5263,'2022-11-26');
INSERT INTO WORKSHEET (WORKSHEET_ID, WSDETAILS_ID, WORK_STATUS, NO_OF_HOURS, PROJECT_CODE, DATE) VALUES (420,260,'HOLIDAY',8,5263,'2022-12-21');
INSERT INTO WORKSHEET (WORKSHEET_ID, WSDETAILS_ID, WORK_STATUS, NO_OF_HOURS, PROJECT_CODE, DATE) VALUES (421,201,'HOLIDAY',8,5263,'2022-1-26');
INSERT INTO WORKSHEET (WORKSHEET_ID, WSDETAILS_ID, WORK_STATUS, NO_OF_HOURS, PROJECT_CODE, DATE) VALUES (422,202,'HOLIDAY',8,5263,'2022-2-18');
INSERT INTO WORKSHEET (WORKSHEET_ID, WSDETAILS_ID, WORK_STATUS, NO_OF_HOURS, PROJECT_CODE, DATE) VALUES (423,203,'HOLIDAY',8,5263,'2022-3-4');
INSERT INTO WORKSHEET (WORKSHEET_ID, WSDETAILS_ID, WORK_STATUS, NO_OF_HOURS, PROJECT_CODE, DATE) VALUES (424,204,'HOLIDAY',8,5263,'2022-4-21');
INSERT INTO WORKSHEET (WORKSHEET_ID, WSDETAILS_ID, WORK_STATUS, NO_OF_HOURS, PROJECT_CODE, DATE) VALUES (425,205,'HOLIDAY',8,5263,'2022-5-17');
INSERT INTO WORKSHEET (WORKSHEET_ID, WSDETAILS_ID, WORK_STATUS, NO_OF_HOURS, PROJECT_CODE, DATE) VALUES (426,206,'HOLIDAY',8,5263,'2022-6-29');
INSERT INTO WORKSHEET (WORKSHEET_ID, WSDETAILS_ID, WORK_STATUS, NO_OF_HOURS, PROJECT_CODE, DATE) VALUES (427,207,'HOLIDAY',8,5263,'2022-7-17');
INSERT INTO WORKSHEET (WORKSHEET_ID, WSDETAILS_ID, WORK_STATUS, NO_OF_HOURS, PROJECT_CODE, DATE) VALUES (428,208,'HOLIDAY',8,5263,'2022-8-14');
INSERT INTO WORKSHEET (WORKSHEET_ID, WSDETAILS_ID, WORK_STATUS, NO_OF_HOURS, PROJECT_CODE, DATE) VALUES (429,209,'HOLIDAY',8,5263,'2022-9-13');
INSERT INTO WORKSHEET (WORKSHEET_ID, WSDETAILS_ID, WORK_STATUS, NO_OF_HOURS, PROJECT_CODE, DATE) VALUES (430,210,'HOLIDAY',8,5263,'2022-10-29');
INSERT INTO WORKSHEET (WORKSHEET_ID, WSDETAILS_ID, WORK_STATUS, NO_OF_HOURS, PROJECT_CODE, DATE) VALUES (431,211,'HOLIDAY',8,5263,'2022-11-17');
INSERT INTO WORKSHEET (WORKSHEET_ID, WSDETAILS_ID, WORK_STATUS, NO_OF_HOURS, PROJECT_CODE, DATE) VALUES (432,212,'HOLIDAY',8,5263,'2022-12-22');
INSERT INTO WORKSHEET (WORKSHEET_ID, WSDETAILS_ID, WORK_STATUS, NO_OF_HOURS, PROJECT_CODE, DATE) VALUES (433,213,'HOLIDAY',8,5263,'2022-1-11');
INSERT INTO WORKSHEET (WORKSHEET_ID, WSDETAILS_ID, WORK_STATUS, NO_OF_HOURS, PROJECT_CODE, DATE) VALUES (434,214,'HOLIDAY',8,5263,'2022-2-19');
INSERT INTO WORKSHEET (WORKSHEET_ID, WSDETAILS_ID, WORK_STATUS, NO_OF_HOURS, PROJECT_CODE, DATE) VALUES (435,215,'HOLIDAY',8,5263,'2022-3-12');
INSERT INTO WORKSHEET (WORKSHEET_ID, WSDETAILS_ID, WORK_STATUS, NO_OF_HOURS, PROJECT_CODE, DATE) VALUES (436,216,'HOLIDAY',8,5263,'2022-4-22');
INSERT INTO WORKSHEET (WORKSHEET_ID, WSDETAILS_ID, WORK_STATUS, NO_OF_HOURS, PROJECT_CODE, DATE) VALUES (437,217,'HOLIDAY',8,5263,'2022-5-12');
INSERT INTO WORKSHEET (WORKSHEET_ID, WSDETAILS_ID, WORK_STATUS, NO_OF_HOURS, PROJECT_CODE, DATE) VALUES (438,218,'HOLIDAY',8,5263,'2022-6-4');
INSERT INTO WORKSHEET (WORKSHEET_ID, WSDETAILS_ID, WORK_STATUS, NO_OF_HOURS, PROJECT_CODE, DATE) VALUES (439,219,'HOLIDAY',8,5263,'2022-7-20');
INSERT INTO WORKSHEET (WORKSHEET_ID, WSDETAILS_ID, WORK_STATUS, NO_OF_HOURS, PROJECT_CODE, DATE) VALUES (440,220,'WORKING',8,5263,'2022-8-15');
INSERT INTO WORKSHEET (WORKSHEET_ID, WSDETAILS_ID, WORK_STATUS, NO_OF_HOURS, PROJECT_CODE, DATE) VALUES (441,221,'WORKING',8,5263,'2022-9-7');
INSERT INTO WORKSHEET (WORKSHEET_ID, WSDETAILS_ID, WORK_STATUS, NO_OF_HOURS, PROJECT_CODE, DATE) VALUES (442,222,'WORKING',8,5263,'2022-10-1');
INSERT INTO WORKSHEET (WORKSHEET_ID, WSDETAILS_ID, WORK_STATUS, NO_OF_HOURS, PROJECT_CODE, DATE) VALUES (443,223,'WORKING',8,5263,'2022-11-15');
INSERT INTO WORKSHEET (WORKSHEET_ID, WSDETAILS_ID, WORK_STATUS, NO_OF_HOURS, PROJECT_CODE, DATE) VALUES (444,224,'WORKING',8,5263,'2022-12-15');
INSERT INTO WORKSHEET (WORKSHEET_ID, WSDETAILS_ID, WORK_STATUS, NO_OF_HOURS, PROJECT_CODE, DATE) VALUES (445,225,'WORKING',8,5263,'2022-1-24');
INSERT INTO WORKSHEET (WORKSHEET_ID, WSDETAILS_ID, WORK_STATUS, NO_OF_HOURS, PROJECT_CODE, DATE) VALUES (446,226,'WORKING',8,5263,'2022-2-18');
INSERT INTO WORKSHEET (WORKSHEET_ID, WSDETAILS_ID, WORK_STATUS, NO_OF_HOURS, PROJECT_CODE, DATE) VALUES (447,227,'WORKING',8,5263,'2022-3-26');
INSERT INTO WORKSHEET (WORKSHEET_ID, WSDETAILS_ID, WORK_STATUS, NO_OF_HOURS, PROJECT_CODE, DATE) VALUES (448,228,'WORKING',8,5263,'2022-4-14');
INSERT INTO WORKSHEET (WORKSHEET_ID, WSDETAILS_ID, WORK_STATUS, NO_OF_HOURS, PROJECT_CODE, DATE) VALUES (449,229,'WORKING',8,5263,'2022-5-18');
INSERT INTO WORKSHEET (WORKSHEET_ID, WSDETAILS_ID, WORK_STATUS, NO_OF_HOURS, PROJECT_CODE, DATE) VALUES (450,230,'WORKING',8,5263,'2022-6-22');
INSERT INTO WORKSHEET (WORKSHEET_ID, WSDETAILS_ID, WORK_STATUS, NO_OF_HOURS, PROJECT_CODE, DATE) VALUES (451,231,'WORKING',8,5263,'2022-7-25');
INSERT INTO WORKSHEET (WORKSHEET_ID, WSDETAILS_ID, WORK_STATUS, NO_OF_HOURS, PROJECT_CODE, DATE) VALUES (452,232,'WORKING',8,5263,'2022-8-5');
INSERT INTO WORKSHEET (WORKSHEET_ID, WSDETAILS_ID, WORK_STATUS, NO_OF_HOURS, PROJECT_CODE, DATE) VALUES (453,233,'WORKING',8,5263,'2022-9-23');
INSERT INTO WORKSHEET (WORKSHEET_ID, WSDETAILS_ID, WORK_STATUS, NO_OF_HOURS, PROJECT_CODE, DATE) VALUES (454,234,'WORKING',8,5263,'2022-10-3');
INSERT INTO WORKSHEET (WORKSHEET_ID, WSDETAILS_ID, WORK_STATUS, NO_OF_HOURS, PROJECT_CODE, DATE) VALUES (455,235,'WORKING',8,5263,'2022-11-15');
INSERT INTO WORKSHEET (WORKSHEET_ID, WSDETAILS_ID, WORK_STATUS, NO_OF_HOURS, PROJECT_CODE, DATE) VALUES (456,236,'WORKING',8,5263,'2022-12-21');
INSERT INTO WORKSHEET (WORKSHEET_ID, WSDETAILS_ID, WORK_STATUS, NO_OF_HOURS, PROJECT_CODE, DATE) VALUES (457,237,'WORKING',8,5263,'2022-1-13');
INSERT INTO WORKSHEET (WORKSHEET_ID, WSDETAILS_ID, WORK_STATUS, NO_OF_HOURS, PROJECT_CODE, DATE) VALUES (458,238,'WORKING',8,5263,'2022-2-22');
INSERT INTO WORKSHEET (WORKSHEET_ID, WSDETAILS_ID, WORK_STATUS, NO_OF_HOURS, PROJECT_CODE, DATE) VALUES (459,239,'WORKING',8,5263,'2022-3-8');
INSERT INTO WORKSHEET (WORKSHEET_ID, WSDETAILS_ID, WORK_STATUS, NO_OF_HOURS, PROJECT_CODE, DATE) VALUES (460,240,'WORKING',8,5263,'2022-4-11');
INSERT INTO WORKSHEET (WORKSHEET_ID, WSDETAILS_ID, WORK_STATUS, NO_OF_HOURS, PROJECT_CODE, DATE) VALUES (461,241,'WORKING',8,5263,'2022-5-4');
INSERT INTO WORKSHEET (WORKSHEET_ID, WSDETAILS_ID, WORK_STATUS, NO_OF_HOURS, PROJECT_CODE, DATE) VALUES (462,242,'WORKING',8,5263,'2022-6-22');
INSERT INTO WORKSHEET (WORKSHEET_ID, WSDETAILS_ID, WORK_STATUS, NO_OF_HOURS, PROJECT_CODE, DATE) VALUES (463,243,'WORKING',8,5263,'2022-7-28');
INSERT INTO WORKSHEET (WORKSHEET_ID, WSDETAILS_ID, WORK_STATUS, NO_OF_HOURS, PROJECT_CODE, DATE) VALUES (464,244,'WORKING',8,5263,'2022-8-23');
INSERT INTO WORKSHEET (WORKSHEET_ID, WSDETAILS_ID, WORK_STATUS, NO_OF_HOURS, PROJECT_CODE, DATE) VALUES (465,245,'WORKING',8,5263,'2022-9-29');
INSERT INTO WORKSHEET (WORKSHEET_ID, WSDETAILS_ID, WORK_STATUS, NO_OF_HOURS, PROJECT_CODE, DATE) VALUES (466,246,'WORKING',8,5263,'2022-10-21');
INSERT INTO WORKSHEET (WORKSHEET_ID, WSDETAILS_ID, WORK_STATUS, NO_OF_HOURS, PROJECT_CODE, DATE) VALUES (467,247,'WORKING',8,5263,'2022-11-8');
INSERT INTO WORKSHEET (WORKSHEET_ID, WSDETAILS_ID, WORK_STATUS, NO_OF_HOURS, PROJECT_CODE, DATE) VALUES (468,248,'WORKING',8,5263,'2022-12-12');
INSERT INTO WORKSHEET (WORKSHEET_ID, WSDETAILS_ID, WORK_STATUS, NO_OF_HOURS, PROJECT_CODE, DATE) VALUES (469,249,'WORKING',8,5263,'2022-1-5');
INSERT INTO WORKSHEET (WORKSHEET_ID, WSDETAILS_ID, WORK_STATUS, NO_OF_HOURS, PROJECT_CODE, DATE) VALUES (470,250,'WORKING',8,5263,'2022-2-19');
INSERT INTO WORKSHEET (WORKSHEET_ID, WSDETAILS_ID, WORK_STATUS, NO_OF_HOURS, PROJECT_CODE, DATE) VALUES (471,251,'WORKING',8,5263,'2022-3-10');
INSERT INTO WORKSHEET (WORKSHEET_ID, WSDETAILS_ID, WORK_STATUS, NO_OF_HOURS, PROJECT_CODE, DATE) VALUES (472,252,'WORKING',8,5263,'2022-4-25');
INSERT INTO WORKSHEET (WORKSHEET_ID, WSDETAILS_ID, WORK_STATUS, NO_OF_HOURS, PROJECT_CODE, DATE) VALUES (473,253,'WORKING',8,5263,'2022-5-9');
INSERT INTO WORKSHEET (WORKSHEET_ID, WSDETAILS_ID, WORK_STATUS, NO_OF_HOURS, PROJECT_CODE, DATE) VALUES (474,254,'WORKING',8,5263,'2022-6-6');
INSERT INTO WORKSHEET (WORKSHEET_ID, WSDETAILS_ID, WORK_STATUS, NO_OF_HOURS, PROJECT_CODE, DATE) VALUES (475,255,'WORKING',8,5263,'2022-7-6');
INSERT INTO WORKSHEET (WORKSHEET_ID, WSDETAILS_ID, WORK_STATUS, NO_OF_HOURS, PROJECT_CODE, DATE) VALUES (476,256,'WORKING',8,5263,'2022-8-22');
INSERT INTO WORKSHEET (WORKSHEET_ID, WSDETAILS_ID, WORK_STATUS, NO_OF_HOURS, PROJECT_CODE, DATE) VALUES (477,257,'WORKING',8,5263,'2022-9-7');
INSERT INTO WORKSHEET (WORKSHEET_ID, WSDETAILS_ID, WORK_STATUS, NO_OF_HOURS, PROJECT_CODE, DATE) VALUES (478,258,'WORKING',8,5263,'2022-10-19');
INSERT INTO WORKSHEET (WORKSHEET_ID, WSDETAILS_ID, WORK_STATUS, NO_OF_HOURS, PROJECT_CODE, DATE) VALUES (479,259,'WORKING',8,5263,'2022-11-15');
INSERT INTO WORKSHEET (WORKSHEET_ID, WSDETAILS_ID, WORK_STATUS, NO_OF_HOURS, PROJECT_CODE, DATE) VALUES (480,260,'WORKING',8,5263,'2022-12-26');
INSERT INTO WORKSHEET (WORKSHEET_ID, WSDETAILS_ID, WORK_STATUS, NO_OF_HOURS, PROJECT_CODE, DATE) VALUES (481,201,'WORKING',8,5263,'2022-1-7');
INSERT INTO WORKSHEET (WORKSHEET_ID, WSDETAILS_ID, WORK_STATUS, NO_OF_HOURS, PROJECT_CODE, DATE) VALUES (482,202,'WORKING',8,5263,'2022-2-6');
INSERT INTO WORKSHEET (WORKSHEET_ID, WSDETAILS_ID, WORK_STATUS, NO_OF_HOURS, PROJECT_CODE, DATE) VALUES (483,203,'WORKING',8,5263,'2022-3-3');
INSERT INTO WORKSHEET (WORKSHEET_ID, WSDETAILS_ID, WORK_STATUS, NO_OF_HOURS, PROJECT_CODE, DATE) VALUES (484,204,'WORKING',8,5263,'2022-4-27');
INSERT INTO WORKSHEET (WORKSHEET_ID, WSDETAILS_ID, WORK_STATUS, NO_OF_HOURS, PROJECT_CODE, DATE) VALUES (485,205,'WORKING',8,5263,'2022-5-11');
INSERT INTO WORKSHEET (WORKSHEET_ID, WSDETAILS_ID, WORK_STATUS, NO_OF_HOURS, PROJECT_CODE, DATE) VALUES (486,206,'WORKING',8,5263,'2022-6-7');
INSERT INTO WORKSHEET (WORKSHEET_ID, WSDETAILS_ID, WORK_STATUS, NO_OF_HOURS, PROJECT_CODE, DATE) VALUES (487,207,'WORKING',8,5263,'2022-7-15');
INSERT INTO WORKSHEET (WORKSHEET_ID, WSDETAILS_ID, WORK_STATUS, NO_OF_HOURS, PROJECT_CODE, DATE) VALUES (488,208,'WORKING',8,5263,'2022-8-13');
INSERT INTO WORKSHEET (WORKSHEET_ID, WSDETAILS_ID, WORK_STATUS, NO_OF_HOURS, PROJECT_CODE, DATE) VALUES (489,209,'WORKING',8,5263,'2022-9-16');
INSERT INTO WORKSHEET (WORKSHEET_ID, WSDETAILS_ID, WORK_STATUS, NO_OF_HOURS, PROJECT_CODE, DATE) VALUES (490,210,'WORKING',8,5263,'2022-10-22');
INSERT INTO WORKSHEET (WORKSHEET_ID, WSDETAILS_ID, WORK_STATUS, NO_OF_HOURS, PROJECT_CODE, DATE) VALUES (491,211,'WORKING',8,5263,'2022-11-10');
INSERT INTO WORKSHEET (WORKSHEET_ID, WSDETAILS_ID, WORK_STATUS, NO_OF_HOURS, PROJECT_CODE, DATE) VALUES (492,212,'WORKING',8,5263,'2022-12-13');
INSERT INTO WORKSHEET (WORKSHEET_ID, WSDETAILS_ID, WORK_STATUS, NO_OF_HOURS, PROJECT_CODE, DATE) VALUES (493,213,'WORKING',8,5263,'2022-1-20');
INSERT INTO WORKSHEET (WORKSHEET_ID, WSDETAILS_ID, WORK_STATUS, NO_OF_HOURS, PROJECT_CODE, DATE) VALUES (494,214,'WORKING',8,5263,'2022-2-1');
INSERT INTO WORKSHEET (WORKSHEET_ID, WSDETAILS_ID, WORK_STATUS, NO_OF_HOURS, PROJECT_CODE, DATE) VALUES (495,215,'WORKING',8,5263,'2022-3-17');
INSERT INTO WORKSHEET (WORKSHEET_ID, WSDETAILS_ID, WORK_STATUS, NO_OF_HOURS, PROJECT_CODE, DATE) VALUES (496,216,'WORKING',8,5263,'2022-4-8');
INSERT INTO WORKSHEET (WORKSHEET_ID, WSDETAILS_ID, WORK_STATUS, NO_OF_HOURS, PROJECT_CODE, DATE) VALUES (497,217,'WORKING',8,5263,'2022-5-10');
INSERT INTO WORKSHEET (WORKSHEET_ID, WSDETAILS_ID, WORK_STATUS, NO_OF_HOURS, PROJECT_CODE, DATE) VALUES (498,218,'WORKING',8,5263,'2022-6-15');
INSERT INTO WORKSHEET (WORKSHEET_ID, WSDETAILS_ID, WORK_STATUS, NO_OF_HOURS, PROJECT_CODE, DATE) VALUES (499,219,'WORKING',8,5263,'2022-7-18');
INSERT INTO WORKSHEET (WORKSHEET_ID, WSDETAILS_ID, WORK_STATUS, NO_OF_HOURS, PROJECT_CODE, DATE) VALUES (500,220,'WORKING',8,5263,'2022-8-20');
INSERT INTO WORKSHEET (WORKSHEET_ID, WSDETAILS_ID, WORK_STATUS, NO_OF_HOURS, PROJECT_CODE, DATE) VALUES (501,221,'WORKING',8,5263,'2022-9-6');
INSERT INTO WORKSHEET (WORKSHEET_ID, WSDETAILS_ID, WORK_STATUS, NO_OF_HOURS, PROJECT_CODE, DATE) VALUES (502,222,'WORKING',8,5263,'2022-10-24');
INSERT INTO WORKSHEET (WORKSHEET_ID, WSDETAILS_ID, WORK_STATUS, NO_OF_HOURS, PROJECT_CODE, DATE) VALUES (503,223,'WORKING',8,5263,'2022-11-22');
INSERT INTO WORKSHEET (WORKSHEET_ID, WSDETAILS_ID, WORK_STATUS, NO_OF_HOURS, PROJECT_CODE, DATE) VALUES (504,224,'WORKING',8,5263,'2022-12-8');
INSERT INTO WORKSHEET (WORKSHEET_ID, WSDETAILS_ID, WORK_STATUS, NO_OF_HOURS, PROJECT_CODE, DATE) VALUES (505,225,'WORKING',8,5263,'2022-1-14');
INSERT INTO WORKSHEET (WORKSHEET_ID, WSDETAILS_ID, WORK_STATUS, NO_OF_HOURS, PROJECT_CODE, DATE) VALUES (506,226,'WORKING',8,5263,'2022-2-3');
INSERT INTO WORKSHEET (WORKSHEET_ID, WSDETAILS_ID, WORK_STATUS, NO_OF_HOURS, PROJECT_CODE, DATE) VALUES (507,227,'WORKING',8,5263,'2022-3-27');
INSERT INTO WORKSHEET (WORKSHEET_ID, WSDETAILS_ID, WORK_STATUS, NO_OF_HOURS, PROJECT_CODE, DATE) VALUES (508,228,'WORKING',8,5263,'2022-4-28');
INSERT INTO WORKSHEET (WORKSHEET_ID, WSDETAILS_ID, WORK_STATUS, NO_OF_HOURS, PROJECT_CODE, DATE) VALUES (509,229,'WORKING',8,5263,'2022-5-22');
INSERT INTO WORKSHEET (WORKSHEET_ID, WSDETAILS_ID, WORK_STATUS, NO_OF_HOURS, PROJECT_CODE, DATE) VALUES (510,230,'WORKING',8,5263,'2022-6-5');
INSERT INTO WORKSHEET (WORKSHEET_ID, WSDETAILS_ID, WORK_STATUS, NO_OF_HOURS, PROJECT_CODE, DATE) VALUES (511,231,'WORKING',8,5263,'2022-7-7');
INSERT INTO WORKSHEET (WORKSHEET_ID, WSDETAILS_ID, WORK_STATUS, NO_OF_HOURS, PROJECT_CODE, DATE) VALUES (512,232,'WORKING',8,5263,'2022-8-9');
INSERT INTO WORKSHEET (WORKSHEET_ID, WSDETAILS_ID, WORK_STATUS, NO_OF_HOURS, PROJECT_CODE, DATE) VALUES (513,233,'WORKING',8,5263,'2022-9-28');
INSERT INTO WORKSHEET (WORKSHEET_ID, WSDETAILS_ID, WORK_STATUS, NO_OF_HOURS, PROJECT_CODE, DATE) VALUES (514,234,'WORKING',8,5263,'2022-10-14');
INSERT INTO WORKSHEET (WORKSHEET_ID, WSDETAILS_ID, WORK_STATUS, NO_OF_HOURS, PROJECT_CODE, DATE) VALUES (515,235,'WORKING',8,5263,'2022-11-23');
INSERT INTO WORKSHEET (WORKSHEET_ID, WSDETAILS_ID, WORK_STATUS, NO_OF_HOURS, PROJECT_CODE, DATE) VALUES (516,236,'WORKING',8,5263,'2022-12-20');
INSERT INTO WORKSHEET (WORKSHEET_ID, WSDETAILS_ID, WORK_STATUS, NO_OF_HOURS, PROJECT_CODE, DATE) VALUES (517,237,'WORKING',8,5263,'2022-1-25');
INSERT INTO WORKSHEET (WORKSHEET_ID, WSDETAILS_ID, WORK_STATUS, NO_OF_HOURS, PROJECT_CODE, DATE) VALUES (518,238,'WORKING',8,5263,'2022-2-10');
INSERT INTO WORKSHEET (WORKSHEET_ID, WSDETAILS_ID, WORK_STATUS, NO_OF_HOURS, PROJECT_CODE, DATE) VALUES (519,239,'WORKING',8,5263,'2022-3-27');
INSERT INTO WORKSHEET (WORKSHEET_ID, WSDETAILS_ID, WORK_STATUS, NO_OF_HOURS, PROJECT_CODE, DATE) VALUES (520,240,'WORKING',8,5263,'2022-4-23');
INSERT INTO WORKSHEET (WORKSHEET_ID, WSDETAILS_ID, WORK_STATUS, NO_OF_HOURS, PROJECT_CODE, DATE) VALUES (521,241,'WORKING',8,5263,'2022-5-11');
INSERT INTO WORKSHEET (WORKSHEET_ID, WSDETAILS_ID, WORK_STATUS, NO_OF_HOURS, PROJECT_CODE, DATE) VALUES (522,242,'WORKING',8,5263,'2022-6-11');
INSERT INTO WORKSHEET (WORKSHEET_ID, WSDETAILS_ID, WORK_STATUS, NO_OF_HOURS, PROJECT_CODE, DATE) VALUES (523,243,'WORKING',8,5263,'2022-7-25');
INSERT INTO WORKSHEET (WORKSHEET_ID, WSDETAILS_ID, WORK_STATUS, NO_OF_HOURS, PROJECT_CODE, DATE) VALUES (524,244,'WORKING',8,5263,'2022-8-20');
INSERT INTO WORKSHEET (WORKSHEET_ID, WSDETAILS_ID, WORK_STATUS, NO_OF_HOURS, PROJECT_CODE, DATE) VALUES (525,245,'WORKING',8,5263,'2022-9-9');
INSERT INTO WORKSHEET (WORKSHEET_ID, WSDETAILS_ID, WORK_STATUS, NO_OF_HOURS, PROJECT_CODE, DATE) VALUES (526,246,'WORKING',8,5263,'2022-10-11');
INSERT INTO WORKSHEET (WORKSHEET_ID, WSDETAILS_ID, WORK_STATUS, NO_OF_HOURS, PROJECT_CODE, DATE) VALUES (527,247,'WORKING',8,5263,'2022-11-7');
INSERT INTO WORKSHEET (WORKSHEET_ID, WSDETAILS_ID, WORK_STATUS, NO_OF_HOURS, PROJECT_CODE, DATE) VALUES (528,248,'WORKING',8,5263,'2022-12-20');
INSERT INTO WORKSHEET (WORKSHEET_ID, WSDETAILS_ID, WORK_STATUS, NO_OF_HOURS, PROJECT_CODE, DATE) VALUES (529,249,'WORKING',8,5263,'2022-1-29');
INSERT INTO WORKSHEET (WORKSHEET_ID, WSDETAILS_ID, WORK_STATUS, NO_OF_HOURS, PROJECT_CODE, DATE) VALUES (530,250,'WORKING',8,5263,'2022-2-17');
INSERT INTO WORKSHEET (WORKSHEET_ID, WSDETAILS_ID, WORK_STATUS, NO_OF_HOURS, PROJECT_CODE, DATE) VALUES (531,251,'WORKING',8,5263,'2022-3-11');
INSERT INTO WORKSHEET (WORKSHEET_ID, WSDETAILS_ID, WORK_STATUS, NO_OF_HOURS, PROJECT_CODE, DATE) VALUES (532,252,'WORKING',8,5263,'2022-4-25');
INSERT INTO WORKSHEET (WORKSHEET_ID, WSDETAILS_ID, WORK_STATUS, NO_OF_HOURS, PROJECT_CODE, DATE) VALUES (533,253,'WORKING',8,5263,'2022-5-24');
INSERT INTO WORKSHEET (WORKSHEET_ID, WSDETAILS_ID, WORK_STATUS, NO_OF_HOURS, PROJECT_CODE, DATE) VALUES (534,254,'WORKING',8,5263,'2022-6-8');
INSERT INTO WORKSHEET (WORKSHEET_ID, WSDETAILS_ID, WORK_STATUS, NO_OF_HOURS, PROJECT_CODE, DATE) VALUES (535,255,'WORKING',8,5263,'2022-7-26');
INSERT INTO WORKSHEET (WORKSHEET_ID, WSDETAILS_ID, WORK_STATUS, NO_OF_HOURS, PROJECT_CODE, DATE) VALUES (536,256,'ABSENT',8,5263,'2022-8-23');
INSERT INTO WORKSHEET (WORKSHEET_ID, WSDETAILS_ID, WORK_STATUS, NO_OF_HOURS, PROJECT_CODE, DATE) VALUES (537,257,'ABSENT',8,5263,'2022-9-14');
INSERT INTO WORKSHEET (WORKSHEET_ID, WSDETAILS_ID, WORK_STATUS, NO_OF_HOURS, PROJECT_CODE, DATE) VALUES (538,258,'ABSENT',8,5263,'2022-10-11');
INSERT INTO WORKSHEET (WORKSHEET_ID, WSDETAILS_ID, WORK_STATUS, NO_OF_HOURS, PROJECT_CODE, DATE) VALUES (539,259,'ABSENT',8,5263,'2022-11-9');
INSERT INTO WORKSHEET (WORKSHEET_ID, WSDETAILS_ID, WORK_STATUS, NO_OF_HOURS, PROJECT_CODE, DATE) VALUES (540,260,'ABSENT',8,5263,'2022-12-15');
INSERT INTO WORKSHEET (WORKSHEET_ID, WSDETAILS_ID, WORK_STATUS, NO_OF_HOURS, PROJECT_CODE, DATE) VALUES (541,201,'ABSENT',8,5263,'2022-1-20');
INSERT INTO WORKSHEET (WORKSHEET_ID, WSDETAILS_ID, WORK_STATUS, NO_OF_HOURS, PROJECT_CODE, DATE) VALUES (542,202,'ABSENT',8,5263,'2022-2-7');
INSERT INTO WORKSHEET (WORKSHEET_ID, WSDETAILS_ID, WORK_STATUS, NO_OF_HOURS, PROJECT_CODE, DATE) VALUES (543,203,'ABSENT',8,5263,'2022-3-23');
INSERT INTO WORKSHEET (WORKSHEET_ID, WSDETAILS_ID, WORK_STATUS, NO_OF_HOURS, PROJECT_CODE, DATE) VALUES (544,204,'ABSENT',8,5263,'2022-4-14');
INSERT INTO WORKSHEET (WORKSHEET_ID, WSDETAILS_ID, WORK_STATUS, NO_OF_HOURS, PROJECT_CODE, DATE) VALUES (545,205,'ABSENT',8,5263,'2022-5-5');
INSERT INTO WORKSHEET (WORKSHEET_ID, WSDETAILS_ID, WORK_STATUS, NO_OF_HOURS, PROJECT_CODE, DATE) VALUES (546,206,'ABSENT',8,5263,'2022-6-11');
INSERT INTO WORKSHEET (WORKSHEET_ID, WSDETAILS_ID, WORK_STATUS, NO_OF_HOURS, PROJECT_CODE, DATE) VALUES (547,207,'WORKING',8,5263,'2022-7-17');
INSERT INTO WORKSHEET (WORKSHEET_ID, WSDETAILS_ID, WORK_STATUS, NO_OF_HOURS, PROJECT_CODE, DATE) VALUES (548,208,'WORKING',8,5263,'2022-8-25');
INSERT INTO WORKSHEET (WORKSHEET_ID, WSDETAILS_ID, WORK_STATUS, NO_OF_HOURS, PROJECT_CODE, DATE) VALUES (549,209,'WORKING',8,5263,'2022-9-11');
INSERT INTO WORKSHEET (WORKSHEET_ID, WSDETAILS_ID, WORK_STATUS, NO_OF_HOURS, PROJECT_CODE, DATE) VALUES (550,210,'WORKING',8,5263,'2022-10-7');
INSERT INTO WORKSHEET (WORKSHEET_ID, WSDETAILS_ID, WORK_STATUS, NO_OF_HOURS, PROJECT_CODE, DATE) VALUES (551,211,'WORKING',8,5263,'2022-11-26');
INSERT INTO WORKSHEET (WORKSHEET_ID, WSDETAILS_ID, WORK_STATUS, NO_OF_HOURS, PROJECT_CODE, DATE) VALUES (552,212,'WORKING',8,5263,'2022-12-18');
INSERT INTO WORKSHEET (WORKSHEET_ID, WSDETAILS_ID, WORK_STATUS, NO_OF_HOURS, PROJECT_CODE, DATE) VALUES (553,213,'WORKING',8,5263,'2022-1-27');
INSERT INTO WORKSHEET (WORKSHEET_ID, WSDETAILS_ID, WORK_STATUS, NO_OF_HOURS, PROJECT_CODE, DATE) VALUES (554,214,'WORKING',8,5263,'2022-2-14');
INSERT INTO WORKSHEET (WORKSHEET_ID, WSDETAILS_ID, WORK_STATUS, NO_OF_HOURS, PROJECT_CODE, DATE) VALUES (555,215,'WORKING',8,5263,'2022-3-19');
INSERT INTO WORKSHEET (WORKSHEET_ID, WSDETAILS_ID, WORK_STATUS, NO_OF_HOURS, PROJECT_CODE, DATE) VALUES (556,216,'WORKING',8,5263,'2022-4-28');
INSERT INTO WORKSHEET (WORKSHEET_ID, WSDETAILS_ID, WORK_STATUS, NO_OF_HOURS, PROJECT_CODE, DATE) VALUES (557,217,'WORKING',8,5263,'2022-5-22');
INSERT INTO WORKSHEET (WORKSHEET_ID, WSDETAILS_ID, WORK_STATUS, NO_OF_HOURS, PROJECT_CODE, DATE) VALUES (558,218,'WORKING',8,5263,'2022-6-12');
INSERT INTO WORKSHEET (WORKSHEET_ID, WSDETAILS_ID, WORK_STATUS, NO_OF_HOURS, PROJECT_CODE, DATE) VALUES (559,219,'WORKING',8,5263,'2022-7-3');
INSERT INTO WORKSHEET (WORKSHEET_ID, WSDETAILS_ID, WORK_STATUS, NO_OF_HOURS, PROJECT_CODE, DATE) VALUES (560,220,'WORKING',8,5263,'2022-8-18');
INSERT INTO WORKSHEET (WORKSHEET_ID, WSDETAILS_ID, WORK_STATUS, NO_OF_HOURS, PROJECT_CODE, DATE) VALUES (561,221,'WORKING',8,5263,'2022-9-15');
INSERT INTO WORKSHEET (WORKSHEET_ID, WSDETAILS_ID, WORK_STATUS, NO_OF_HOURS, PROJECT_CODE, DATE) VALUES (562,222,'WORKING',8,5263,'2022-10-2');
INSERT INTO WORKSHEET (WORKSHEET_ID, WSDETAILS_ID, WORK_STATUS, NO_OF_HOURS, PROJECT_CODE, DATE) VALUES (563,223,'WORKING',8,5263,'2022-11-26');
INSERT INTO WORKSHEET (WORKSHEET_ID, WSDETAILS_ID, WORK_STATUS, NO_OF_HOURS, PROJECT_CODE, DATE) VALUES (564,224,'WORKING',8,5263,'2022-12-2');
INSERT INTO WORKSHEET (WORKSHEET_ID, WSDETAILS_ID, WORK_STATUS, NO_OF_HOURS, PROJECT_CODE, DATE) VALUES (565,225,'WORKING',8,5263,'2022-1-19');
INSERT INTO WORKSHEET (WORKSHEET_ID, WSDETAILS_ID, WORK_STATUS, NO_OF_HOURS, PROJECT_CODE, DATE) VALUES (566,226,'WORKING',8,5263,'2022-2-15');
INSERT INTO WORKSHEET (WORKSHEET_ID, WSDETAILS_ID, WORK_STATUS, NO_OF_HOURS, PROJECT_CODE, DATE) VALUES (567,227,'WORKING',8,5263,'2022-3-23');
INSERT INTO WORKSHEET (WORKSHEET_ID, WSDETAILS_ID, WORK_STATUS, NO_OF_HOURS, PROJECT_CODE, DATE) VALUES (568,228,'WORKING',8,5263,'2022-4-15');
INSERT INTO WORKSHEET (WORKSHEET_ID, WSDETAILS_ID, WORK_STATUS, NO_OF_HOURS, PROJECT_CODE, DATE) VALUES (569,229,'WORKING',8,5263,'2022-5-15');
INSERT INTO WORKSHEET (WORKSHEET_ID, WSDETAILS_ID, WORK_STATUS, NO_OF_HOURS, PROJECT_CODE, DATE) VALUES (570,230,'WORKING',8,5263,'2022-6-15');
INSERT INTO WORKSHEET (WORKSHEET_ID, WSDETAILS_ID, WORK_STATUS, NO_OF_HOURS, PROJECT_CODE, DATE) VALUES (571,231,'WORKING',8,5263,'2022-7-19');
INSERT INTO WORKSHEET (WORKSHEET_ID, WSDETAILS_ID, WORK_STATUS, NO_OF_HOURS, PROJECT_CODE, DATE) VALUES (572,232,'WORKING',8,5263,'2022-8-25');
INSERT INTO WORKSHEET (WORKSHEET_ID, WSDETAILS_ID, WORK_STATUS, NO_OF_HOURS, PROJECT_CODE, DATE) VALUES (573,233,'WORKING',8,5263,'2022-9-20');
INSERT INTO WORKSHEET (WORKSHEET_ID, WSDETAILS_ID, WORK_STATUS, NO_OF_HOURS, PROJECT_CODE, DATE) VALUES (574,234,'WORKING',8,5263,'2022-10-17');
INSERT INTO WORKSHEET (WORKSHEET_ID, WSDETAILS_ID, WORK_STATUS, NO_OF_HOURS, PROJECT_CODE, DATE) VALUES (575,235,'WORKING',8,5263,'2022-11-15');
INSERT INTO WORKSHEET (WORKSHEET_ID, WSDETAILS_ID, WORK_STATUS, NO_OF_HOURS, PROJECT_CODE, DATE) VALUES (576,236,'WORKING',8,5263,'2022-12-1');
INSERT INTO WORKSHEET (WORKSHEET_ID, WSDETAILS_ID, WORK_STATUS, NO_OF_HOURS, PROJECT_CODE, DATE) VALUES (577,237,'WORKING',8,5263,'2022-1-13');
INSERT INTO WORKSHEET (WORKSHEET_ID, WSDETAILS_ID, WORK_STATUS, NO_OF_HOURS, PROJECT_CODE, DATE) VALUES (578,238,'WORKING',8,5263,'2022-2-25');
INSERT INTO WORKSHEET (WORKSHEET_ID, WSDETAILS_ID, WORK_STATUS, NO_OF_HOURS, PROJECT_CODE, DATE) VALUES (579,239,'WORKING',8,5263,'2022-3-25');
INSERT INTO WORKSHEET (WORKSHEET_ID, WSDETAILS_ID, WORK_STATUS, NO_OF_HOURS, PROJECT_CODE, DATE) VALUES (580,240,'WORKING',8,5263,'2022-4-18');
INSERT INTO WORKSHEET (WORKSHEET_ID, WSDETAILS_ID, WORK_STATUS, NO_OF_HOURS, PROJECT_CODE, DATE) VALUES (581,241,'WORKING',8,5263,'2022-5-12');
INSERT INTO WORKSHEET (WORKSHEET_ID, WSDETAILS_ID, WORK_STATUS, NO_OF_HOURS, PROJECT_CODE, DATE) VALUES (582,242,'WORKING',8,5263,'2022-6-14');
INSERT INTO WORKSHEET (WORKSHEET_ID, WSDETAILS_ID, WORK_STATUS, NO_OF_HOURS, PROJECT_CODE, DATE) VALUES (583,243,'WORKING',8,5263,'2022-7-21');
INSERT INTO WORKSHEET (WORKSHEET_ID, WSDETAILS_ID, WORK_STATUS, NO_OF_HOURS, PROJECT_CODE, DATE) VALUES (584,244,'WORKING',8,5263,'2022-8-9');
INSERT INTO WORKSHEET (WORKSHEET_ID, WSDETAILS_ID, WORK_STATUS, NO_OF_HOURS, PROJECT_CODE, DATE) VALUES (585,245,'WORKING',8,5263,'2022-9-23');
INSERT INTO WORKSHEET (WORKSHEET_ID, WSDETAILS_ID, WORK_STATUS, NO_OF_HOURS, PROJECT_CODE, DATE) VALUES (586,246,'WORKING',8,5263,'2022-10-27');
INSERT INTO WORKSHEET (WORKSHEET_ID, WSDETAILS_ID, WORK_STATUS, NO_OF_HOURS, PROJECT_CODE, DATE) VALUES (587,247,'WORKING',8,5263,'2022-11-13');
INSERT INTO WORKSHEET (WORKSHEET_ID, WSDETAILS_ID, WORK_STATUS, NO_OF_HOURS, PROJECT_CODE, DATE) VALUES (588,248,'WORKING',8,5263,'2022-12-16');
INSERT INTO WORKSHEET (WORKSHEET_ID, WSDETAILS_ID, WORK_STATUS, NO_OF_HOURS, PROJECT_CODE, DATE) VALUES (589,249,'WORKING',8,5263,'2022-1-9');
INSERT INTO WORKSHEET (WORKSHEET_ID, WSDETAILS_ID, WORK_STATUS, NO_OF_HOURS, PROJECT_CODE, DATE) VALUES (590,250,'WORKING',8,5263,'2022-2-21');
INSERT INTO WORKSHEET (WORKSHEET_ID, WSDETAILS_ID, WORK_STATUS, NO_OF_HOURS, PROJECT_CODE, DATE) VALUES (591,251,'WORKING',8,5263,'2022-3-15');
INSERT INTO WORKSHEET (WORKSHEET_ID, WSDETAILS_ID, WORK_STATUS, NO_OF_HOURS, PROJECT_CODE, DATE) VALUES (592,252,'WORKING',8,5263,'2022-4-24');
INSERT INTO WORKSHEET (WORKSHEET_ID, WSDETAILS_ID, WORK_STATUS, NO_OF_HOURS, PROJECT_CODE, DATE) VALUES (593,253,'WORKING',8,5263,'2022-5-10');
INSERT INTO WORKSHEET (WORKSHEET_ID, WSDETAILS_ID, WORK_STATUS, NO_OF_HOURS, PROJECT_CODE, DATE) VALUES (594,254,'WORKING',8,5263,'2022-6-7');
INSERT INTO WORKSHEET (WORKSHEET_ID, WSDETAILS_ID, WORK_STATUS, NO_OF_HOURS, PROJECT_CODE, DATE) VALUES (595,255,'WORKING',8,5263,'2022-7-28');
INSERT INTO WORKSHEET (WORKSHEET_ID, WSDETAILS_ID, WORK_STATUS, NO_OF_HOURS, PROJECT_CODE, DATE) VALUES (596,256,'ABSENT',8,5263,'2022-8-25');
INSERT INTO WORKSHEET (WORKSHEET_ID, WSDETAILS_ID, WORK_STATUS, NO_OF_HOURS, PROJECT_CODE, DATE) VALUES (597,257,'ABSENT',8,5263,'2022-9-2');
INSERT INTO WORKSHEET (WORKSHEET_ID, WSDETAILS_ID, WORK_STATUS, NO_OF_HOURS, PROJECT_CODE, DATE) VALUES (598,258,'ABSENT',8,5263,'2022-10-21');
INSERT INTO WORKSHEET (WORKSHEET_ID, WSDETAILS_ID, WORK_STATUS, NO_OF_HOURS, PROJECT_CODE, DATE) VALUES (599,259,'ABSENT',8,5263,'2022-11-20');
INSERT INTO WORKSHEET (WORKSHEET_ID, WSDETAILS_ID, WORK_STATUS, NO_OF_HOURS, PROJECT_CODE, DATE) VALUES (600,260,'ABSENT',8,5263,'2022-12-29');
INSERT INTO WORKSHEET (WORKSHEET_ID, WSDETAILS_ID, WORK_STATUS, NO_OF_HOURS, PROJECT_CODE, DATE) VALUES (601,201,'ABSENT',8,5263,'2022-1-28');
INSERT INTO WORKSHEET (WORKSHEET_ID, WSDETAILS_ID, WORK_STATUS, NO_OF_HOURS, PROJECT_CODE, DATE) VALUES (602,202,'ABSENT',8,5263,'2022-2-27');
INSERT INTO WORKSHEET (WORKSHEET_ID, WSDETAILS_ID, WORK_STATUS, NO_OF_HOURS, PROJECT_CODE, DATE) VALUES (603,203,'ABSENT',8,5263,'2022-3-25');
INSERT INTO WORKSHEET (WORKSHEET_ID, WSDETAILS_ID, WORK_STATUS, NO_OF_HOURS, PROJECT_CODE, DATE) VALUES (604,204,'ABSENT',8,5263,'2022-4-13');
INSERT INTO WORKSHEET (WORKSHEET_ID, WSDETAILS_ID, WORK_STATUS, NO_OF_HOURS, PROJECT_CODE, DATE) VALUES (605,205,'ABSENT',8,5263,'2022-5-6');
INSERT INTO WORKSHEET (WORKSHEET_ID, WSDETAILS_ID, WORK_STATUS, NO_OF_HOURS, PROJECT_CODE, DATE) VALUES (606,206,'ABSENT',8,5263,'2022-6-7');
INSERT INTO WORKSHEET (WORKSHEET_ID, WSDETAILS_ID, WORK_STATUS, NO_OF_HOURS, PROJECT_CODE, DATE) VALUES (607,207,'WORKING',8,5263,'2022-7-3');
INSERT INTO WORKSHEET (WORKSHEET_ID, WSDETAILS_ID, WORK_STATUS, NO_OF_HOURS, PROJECT_CODE, DATE) VALUES (608,208,'WORKING',8,5263,'2022-8-23');
INSERT INTO WORKSHEET (WORKSHEET_ID, WSDETAILS_ID, WORK_STATUS, NO_OF_HOURS, PROJECT_CODE, DATE) VALUES (609,209,'WORKING',8,5263,'2022-9-8');
INSERT INTO WORKSHEET (WORKSHEET_ID, WSDETAILS_ID, WORK_STATUS, NO_OF_HOURS, PROJECT_CODE, DATE) VALUES (610,210,'WORKING',8,5263,'2022-10-22');
INSERT INTO WORKSHEET (WORKSHEET_ID, WSDETAILS_ID, WORK_STATUS, NO_OF_HOURS, PROJECT_CODE, DATE) VALUES (611,211,'WORKING',8,5263,'2022-11-22');
INSERT INTO WORKSHEET (WORKSHEET_ID, WSDETAILS_ID, WORK_STATUS, NO_OF_HOURS, PROJECT_CODE, DATE) VALUES (612,212,'WORKING',8,5263,'2022-12-18');
INSERT INTO WORKSHEET (WORKSHEET_ID, WSDETAILS_ID, WORK_STATUS, NO_OF_HOURS, PROJECT_CODE, DATE) VALUES (613,213,'WORKING',8,5263,'2022-1-13');
INSERT INTO WORKSHEET (WORKSHEET_ID, WSDETAILS_ID, WORK_STATUS, NO_OF_HOURS, PROJECT_CODE, DATE) VALUES (614,214,'WORKING',8,5263,'2022-2-15');
INSERT INTO WORKSHEET (WORKSHEET_ID, WSDETAILS_ID, WORK_STATUS, NO_OF_HOURS, PROJECT_CODE, DATE) VALUES (615,215,'WORKING',8,5263,'2022-3-10');
INSERT INTO WORKSHEET (WORKSHEET_ID, WSDETAILS_ID, WORK_STATUS, NO_OF_HOURS, PROJECT_CODE, DATE) VALUES (616,216,'WORKING',8,5263,'2022-4-18');
INSERT INTO WORKSHEET (WORKSHEET_ID, WSDETAILS_ID, WORK_STATUS, NO_OF_HOURS, PROJECT_CODE, DATE) VALUES (617,217,'WORKING',8,5263,'2022-5-10');
INSERT INTO WORKSHEET (WORKSHEET_ID, WSDETAILS_ID, WORK_STATUS, NO_OF_HOURS, PROJECT_CODE, DATE) VALUES (618,218,'WORKING',8,5263,'2022-6-4');
INSERT INTO WORKSHEET (WORKSHEET_ID, WSDETAILS_ID, WORK_STATUS, NO_OF_HOURS, PROJECT_CODE, DATE) VALUES (619,219,'WORKING',8,5263,'2022-7-10');
INSERT INTO WORKSHEET (WORKSHEET_ID, WSDETAILS_ID, WORK_STATUS, NO_OF_HOURS, PROJECT_CODE, DATE) VALUES (620,220,'WORKING',8,5263,'2022-8-23');
INSERT INTO WORKSHEET (WORKSHEET_ID, WSDETAILS_ID, WORK_STATUS, NO_OF_HOURS, PROJECT_CODE, DATE) VALUES (621,221,'WORKING',8,5263,'2022-9-12');
INSERT INTO WORKSHEET (WORKSHEET_ID, WSDETAILS_ID, WORK_STATUS, NO_OF_HOURS, PROJECT_CODE, DATE) VALUES (622,222,'WORKING',8,5263,'2022-10-26');
INSERT INTO WORKSHEET (WORKSHEET_ID, WSDETAILS_ID, WORK_STATUS, NO_OF_HOURS, PROJECT_CODE, DATE) VALUES (623,223,'WORKING',8,5263,'2022-11-13');
INSERT INTO WORKSHEET (WORKSHEET_ID, WSDETAILS_ID, WORK_STATUS, NO_OF_HOURS, PROJECT_CODE, DATE) VALUES (624,224,'WORKING',8,5263,'2022-12-24');
INSERT INTO WORKSHEET (WORKSHEET_ID, WSDETAILS_ID, WORK_STATUS, NO_OF_HOURS, PROJECT_CODE, DATE) VALUES (625,225,'WORKING',8,5263,'2022-1-15');
INSERT INTO WORKSHEET (WORKSHEET_ID, WSDETAILS_ID, WORK_STATUS, NO_OF_HOURS, PROJECT_CODE, DATE) VALUES (626,226,'WORKING',8,5263,'2022-2-17');
INSERT INTO WORKSHEET (WORKSHEET_ID, WSDETAILS_ID, WORK_STATUS, NO_OF_HOURS, PROJECT_CODE, DATE) VALUES (627,227,'WORKING',8,5263,'2022-3-18');
INSERT INTO WORKSHEET (WORKSHEET_ID, WSDETAILS_ID, WORK_STATUS, NO_OF_HOURS, PROJECT_CODE, DATE) VALUES (628,228,'WORKING',8,5263,'2022-4-23');
INSERT INTO WORKSHEET (WORKSHEET_ID, WSDETAILS_ID, WORK_STATUS, NO_OF_HOURS, PROJECT_CODE, DATE) VALUES (629,229,'WORKING',8,5263,'2022-5-18');
INSERT INTO WORKSHEET (WORKSHEET_ID, WSDETAILS_ID, WORK_STATUS, NO_OF_HOURS, PROJECT_CODE, DATE) VALUES (630,230,'WORKING',8,5263,'2022-6-25');
INSERT INTO WORKSHEET (WORKSHEET_ID, WSDETAILS_ID, WORK_STATUS, NO_OF_HOURS, PROJECT_CODE, DATE) VALUES (631,231,'WORKING',8,5263,'2022-7-26');
INSERT INTO WORKSHEET (WORKSHEET_ID, WSDETAILS_ID, WORK_STATUS, NO_OF_HOURS, PROJECT_CODE, DATE) VALUES (632,232,'WORKING',8,5263,'2022-8-4');
INSERT INTO WORKSHEET (WORKSHEET_ID, WSDETAILS_ID, WORK_STATUS, NO_OF_HOURS, PROJECT_CODE, DATE) VALUES (633,233,'WORKING',8,5263,'2022-9-15');
INSERT INTO WORKSHEET (WORKSHEET_ID, WSDETAILS_ID, WORK_STATUS, NO_OF_HOURS, PROJECT_CODE, DATE) VALUES (634,234,'WORKING',8,5263,'2022-10-6');
INSERT INTO WORKSHEET (WORKSHEET_ID, WSDETAILS_ID, WORK_STATUS, NO_OF_HOURS, PROJECT_CODE, DATE) VALUES (635,235,'WORKING',8,5263,'2022-11-15');
INSERT INTO WORKSHEET (WORKSHEET_ID, WSDETAILS_ID, WORK_STATUS, NO_OF_HOURS, PROJECT_CODE, DATE) VALUES (636,236,'WORKING',8,5263,'2022-12-16');
INSERT INTO WORKSHEET (WORKSHEET_ID, WSDETAILS_ID, WORK_STATUS, NO_OF_HOURS, PROJECT_CODE, DATE) VALUES (637,237,'WORKING',8,5263,'2022-1-25');
INSERT INTO WORKSHEET (WORKSHEET_ID, WSDETAILS_ID, WORK_STATUS, NO_OF_HOURS, PROJECT_CODE, DATE) VALUES (638,238,'WORKING',8,5263,'2022-2-1');
INSERT INTO WORKSHEET (WORKSHEET_ID, WSDETAILS_ID, WORK_STATUS, NO_OF_HOURS, PROJECT_CODE, DATE) VALUES (639,239,'WORKING',8,5263,'2022-3-8');
INSERT INTO WORKSHEET (WORKSHEET_ID, WSDETAILS_ID, WORK_STATUS, NO_OF_HOURS, PROJECT_CODE, DATE) VALUES (640,240,'WORKING',8,5263,'2022-4-22');
INSERT INTO WORKSHEET (WORKSHEET_ID, WSDETAILS_ID, WORK_STATUS, NO_OF_HOURS, PROJECT_CODE, DATE) VALUES (641,241,'WORKING',8,5263,'2022-5-11');
INSERT INTO WORKSHEET (WORKSHEET_ID, WSDETAILS_ID, WORK_STATUS, NO_OF_HOURS, PROJECT_CODE, DATE) VALUES (642,242,'WORKING',8,5263,'2022-6-1');
INSERT INTO WORKSHEET (WORKSHEET_ID, WSDETAILS_ID, WORK_STATUS, NO_OF_HOURS, PROJECT_CODE, DATE) VALUES (643,243,'WORKING',8,5263,'2022-7-23');
INSERT INTO WORKSHEET (WORKSHEET_ID, WSDETAILS_ID, WORK_STATUS, NO_OF_HOURS, PROJECT_CODE, DATE) VALUES (644,244,'WORKING',8,5263,'2022-8-25');
INSERT INTO WORKSHEET (WORKSHEET_ID, WSDETAILS_ID, WORK_STATUS, NO_OF_HOURS, PROJECT_CODE, DATE) VALUES (645,245,'WORKING',8,5263,'2022-9-24');
INSERT INTO WORKSHEET (WORKSHEET_ID, WSDETAILS_ID, WORK_STATUS, NO_OF_HOURS, PROJECT_CODE, DATE) VALUES (646,246,'WORKING',8,5263,'2022-10-26');
INSERT INTO WORKSHEET (WORKSHEET_ID, WSDETAILS_ID, WORK_STATUS, NO_OF_HOURS, PROJECT_CODE, DATE) VALUES (647,247,'WORKING',8,5263,'2022-11-10');
INSERT INTO WORKSHEET (WORKSHEET_ID, WSDETAILS_ID, WORK_STATUS, NO_OF_HOURS, PROJECT_CODE, DATE) VALUES (648,248,'WORKING',8,5263,'2022-12-19');
INSERT INTO WORKSHEET (WORKSHEET_ID, WSDETAILS_ID, WORK_STATUS, NO_OF_HOURS, PROJECT_CODE, DATE) VALUES (649,249,'WORKING',8,5263,'2022-1-23');
INSERT INTO WORKSHEET (WORKSHEET_ID, WSDETAILS_ID, WORK_STATUS, NO_OF_HOURS, PROJECT_CODE, DATE) VALUES (650,250,'WORKING',8,5263,'2022-2-1');
INSERT INTO WORKSHEET (WORKSHEET_ID, WSDETAILS_ID, WORK_STATUS, NO_OF_HOURS, PROJECT_CODE, DATE) VALUES (651,251,'WORKING',8,5263,'2022-3-13');
INSERT INTO WORKSHEET (WORKSHEET_ID, WSDETAILS_ID, WORK_STATUS, NO_OF_HOURS, PROJECT_CODE, DATE) VALUES (652,252,'WORKING',8,5263,'2022-4-11');
INSERT INTO WORKSHEET (WORKSHEET_ID, WSDETAILS_ID, WORK_STATUS, NO_OF_HOURS, PROJECT_CODE, DATE) VALUES (653,253,'WORKING',8,5263,'2022-5-25');
INSERT INTO WORKSHEET (WORKSHEET_ID, WSDETAILS_ID, WORK_STATUS, NO_OF_HOURS, PROJECT_CODE, DATE) VALUES (654,254,'WORKING',8,5263,'2022-6-24');
INSERT INTO WORKSHEET (WORKSHEET_ID, WSDETAILS_ID, WORK_STATUS, NO_OF_HOURS, PROJECT_CODE, DATE) VALUES (655,255,'WORKING',8,5263,'2022-7-1');
INSERT INTO WORKSHEET (WORKSHEET_ID, WSDETAILS_ID, WORK_STATUS, NO_OF_HOURS, PROJECT_CODE, DATE) VALUES (656,256,'WORKING',8,5263,'2022-8-8');
INSERT INTO WORKSHEET (WORKSHEET_ID, WSDETAILS_ID, WORK_STATUS, NO_OF_HOURS, PROJECT_CODE, DATE) VALUES (657,257,'WORKING',8,5263,'2022-9-19');
INSERT INTO WORKSHEET (WORKSHEET_ID, WSDETAILS_ID, WORK_STATUS, NO_OF_HOURS, PROJECT_CODE, DATE) VALUES (658,258,'WORKING',8,5263,'2022-10-8');
INSERT INTO WORKSHEET (WORKSHEET_ID, WSDETAILS_ID, WORK_STATUS, NO_OF_HOURS, PROJECT_CODE, DATE) VALUES (659,259,'WORKING',8,5263,'2022-11-4');
INSERT INTO WORKSHEET (WORKSHEET_ID, WSDETAILS_ID, WORK_STATUS, NO_OF_HOURS, PROJECT_CODE, DATE) VALUES (660,260,'WORKING',8,5263,'2022-12-7');
INSERT INTO WORKSHEET (WORKSHEET_ID, WSDETAILS_ID, WORK_STATUS, NO_OF_HOURS, PROJECT_CODE, DATE) VALUES (661,248,'WORKING',8,5263,'2022-12-10');
INSERT INTO WORKSHEET (WORKSHEET_ID, WSDETAILS_ID, WORK_STATUS, NO_OF_HOURS, PROJECT_CODE, DATE) VALUES (662,249,'WORKING',8,5263,'2022-1-6');
INSERT INTO WORKSHEET (WORKSHEET_ID, WSDETAILS_ID, WORK_STATUS, NO_OF_HOURS, PROJECT_CODE, DATE) VALUES (663,250,'WORKING',8,5263,'2022-2-19');

INSERT INTO ABSENCES_DETAILS (ABSENCES_DETAILS_ID, EMPLOYEE_ID, TOTAL_LEAVES, ANNUAL_LEAVES, SICK_LEAVES, FLEXI_LEAVES) VALUES (401,1001,20,0,0,0);
INSERT INTO ABSENCES_DETAILS (ABSENCES_DETAILS_ID, EMPLOYEE_ID, TOTAL_LEAVES, ANNUAL_LEAVES, SICK_LEAVES, FLEXI_LEAVES) VALUES (402,1002,20,0,4,1);
INSERT INTO ABSENCES_DETAILS (ABSENCES_DETAILS_ID, EMPLOYEE_ID, TOTAL_LEAVES, ANNUAL_LEAVES, SICK_LEAVES, FLEXI_LEAVES) VALUES (403,1003,20,4,0,1);
INSERT INTO ABSENCES_DETAILS (ABSENCES_DETAILS_ID, EMPLOYEE_ID, TOTAL_LEAVES, ANNUAL_LEAVES, SICK_LEAVES, FLEXI_LEAVES) VALUES (404,1004,20,6,1,1);
INSERT INTO ABSENCES_DETAILS (ABSENCES_DETAILS_ID, EMPLOYEE_ID, TOTAL_LEAVES, ANNUAL_LEAVES, SICK_LEAVES, FLEXI_LEAVES) VALUES (405,1005,20,3,5,2);
INSERT INTO ABSENCES_DETAILS (ABSENCES_DETAILS_ID, EMPLOYEE_ID, TOTAL_LEAVES, ANNUAL_LEAVES, SICK_LEAVES, FLEXI_LEAVES) VALUES (406,1006,20,8,1,0);
INSERT INTO ABSENCES_DETAILS (ABSENCES_DETAILS_ID, EMPLOYEE_ID, TOTAL_LEAVES, ANNUAL_LEAVES, SICK_LEAVES, FLEXI_LEAVES) VALUES (407,1007,20,9,3,2);
INSERT INTO ABSENCES_DETAILS (ABSENCES_DETAILS_ID, EMPLOYEE_ID, TOTAL_LEAVES, ANNUAL_LEAVES, SICK_LEAVES, FLEXI_LEAVES) VALUES (408,1008,20,8,6,1);
INSERT INTO ABSENCES_DETAILS (ABSENCES_DETAILS_ID, EMPLOYEE_ID, TOTAL_LEAVES, ANNUAL_LEAVES, SICK_LEAVES, FLEXI_LEAVES) VALUES (409,1009,20,2,1,0);
INSERT INTO ABSENCES_DETAILS (ABSENCES_DETAILS_ID, EMPLOYEE_ID, TOTAL_LEAVES, ANNUAL_LEAVES, SICK_LEAVES, FLEXI_LEAVES) VALUES (410,1010,20,8,6,2);
INSERT INTO ABSENCES_DETAILS (ABSENCES_DETAILS_ID, EMPLOYEE_ID, TOTAL_LEAVES, ANNUAL_LEAVES, SICK_LEAVES, FLEXI_LEAVES) VALUES (411,1011,20,0,3,0);
INSERT INTO ABSENCES_DETAILS (ABSENCES_DETAILS_ID, EMPLOYEE_ID, TOTAL_LEAVES, ANNUAL_LEAVES, SICK_LEAVES, FLEXI_LEAVES) VALUES (412,1012,20,9,3,0);
INSERT INTO ABSENCES_DETAILS (ABSENCES_DETAILS_ID, EMPLOYEE_ID, TOTAL_LEAVES, ANNUAL_LEAVES, SICK_LEAVES, FLEXI_LEAVES) VALUES (413,1013,20,9,0,2);
INSERT INTO ABSENCES_DETAILS (ABSENCES_DETAILS_ID, EMPLOYEE_ID, TOTAL_LEAVES, ANNUAL_LEAVES, SICK_LEAVES, FLEXI_LEAVES) VALUES (414,1014,20,4,0,0);
INSERT INTO ABSENCES_DETAILS (ABSENCES_DETAILS_ID, EMPLOYEE_ID, TOTAL_LEAVES, ANNUAL_LEAVES, SICK_LEAVES, FLEXI_LEAVES) VALUES (415,1015,20,8,4,1);
INSERT INTO ABSENCES_DETAILS (ABSENCES_DETAILS_ID, EMPLOYEE_ID, TOTAL_LEAVES, ANNUAL_LEAVES, SICK_LEAVES, FLEXI_LEAVES) VALUES (416,1016,20,5,4,2);
INSERT INTO ABSENCES_DETAILS (ABSENCES_DETAILS_ID, EMPLOYEE_ID, TOTAL_LEAVES, ANNUAL_LEAVES, SICK_LEAVES, FLEXI_LEAVES) VALUES (417,1017,20,8,7,1);
INSERT INTO ABSENCES_DETAILS (ABSENCES_DETAILS_ID, EMPLOYEE_ID, TOTAL_LEAVES, ANNUAL_LEAVES, SICK_LEAVES, FLEXI_LEAVES) VALUES (418,1018,20,1,2,2);
INSERT INTO ABSENCES_DETAILS (ABSENCES_DETAILS_ID, EMPLOYEE_ID, TOTAL_LEAVES, ANNUAL_LEAVES, SICK_LEAVES, FLEXI_LEAVES) VALUES (419,1019,20,9,1,2);
INSERT INTO ABSENCES_DETAILS (ABSENCES_DETAILS_ID, EMPLOYEE_ID, TOTAL_LEAVES, ANNUAL_LEAVES, SICK_LEAVES, FLEXI_LEAVES) VALUES (420,1020,20,6,4,0);


INSERT INTO ABSENTS (ABSENT_ID, ABSENCES_DETAILS_ID,ABSENT_TYPE, DAYS, PROJECTCODE, FROM_DATE, TO_DATE , APPROVAL_STATUS) VALUES (501,401,'ANNUAL',6,5263,'2022-7-8','2022-7-14',TRUE);
INSERT INTO ABSENTS (ABSENT_ID, ABSENCES_DETAILS_ID,ABSENT_TYPE, DAYS, PROJECTCODE, FROM_DATE, TO_DATE , APPROVAL_STATUS) VALUES (502,401,'SICK',4,5263,'2022-11-21','2022-11-25',TRUE);
INSERT INTO ABSENTS (ABSENT_ID, ABSENCES_DETAILS_ID,ABSENT_TYPE, DAYS, PROJECTCODE, FROM_DATE, TO_DATE , APPROVAL_STATUS) VALUES (503,402,'ANNUAL',3,5263,'2022-7-1','2022-7-4',TRUE);
INSERT INTO ABSENTS (ABSENT_ID, ABSENCES_DETAILS_ID,ABSENT_TYPE, DAYS, PROJECTCODE, FROM_DATE, TO_DATE , APPROVAL_STATUS) VALUES (504,402,'SICK',7,5263,'2022-11-18','2022-11-25',TRUE);
INSERT INTO ABSENTS (ABSENT_ID, ABSENCES_DETAILS_ID,ABSENT_TYPE, DAYS, PROJECTCODE, FROM_DATE, TO_DATE , APPROVAL_STATUS) VALUES (505,403,'ANNUAL',8,5263,'2022-2-8','2022-2-16',TRUE);
INSERT INTO ABSENTS (ABSENT_ID, ABSENCES_DETAILS_ID,ABSENT_TYPE, DAYS, PROJECTCODE, FROM_DATE, TO_DATE , APPROVAL_STATUS) VALUES (506,403,'SICK',0,5263,'2022-11-18','2022-11-18',TRUE);
INSERT INTO ABSENTS (ABSENT_ID, ABSENCES_DETAILS_ID,ABSENT_TYPE, DAYS, PROJECTCODE, FROM_DATE, TO_DATE , APPROVAL_STATUS) VALUES (507,403,'FLEXI',1,5263,'2022-8-28','2022-8-29',TRUE);
INSERT INTO ABSENTS (ABSENT_ID, ABSENCES_DETAILS_ID,ABSENT_TYPE, DAYS, PROJECTCODE, FROM_DATE, TO_DATE , APPROVAL_STATUS) VALUES (508,404,'ANNUAL',8,5263,'2022-3-2','2022-3-10',FALSE);
INSERT INTO ABSENTS (ABSENT_ID, ABSENCES_DETAILS_ID,ABSENT_TYPE, DAYS, PROJECTCODE, FROM_DATE, TO_DATE , APPROVAL_STATUS) VALUES (509,404,'SICK',1,5263,'2022-11-13','2022-11-14',FALSE);
INSERT INTO ABSENTS (ABSENT_ID, ABSENCES_DETAILS_ID,ABSENT_TYPE, DAYS, PROJECTCODE, FROM_DATE, TO_DATE , APPROVAL_STATUS) VALUES (510,405,'ANNUAL',9,5263,'2022-10-12','2022-10-21',FALSE);
INSERT INTO ABSENTS (ABSENT_ID, ABSENCES_DETAILS_ID,ABSENT_TYPE, DAYS, PROJECTCODE, FROM_DATE, TO_DATE , APPROVAL_STATUS) VALUES (511,405,'SICK',0,5263,'2022-1-13','2022-1-13',FALSE);
INSERT INTO ABSENTS (ABSENT_ID, ABSENCES_DETAILS_ID,ABSENT_TYPE, DAYS, PROJECTCODE, FROM_DATE, TO_DATE , APPROVAL_STATUS) VALUES (512,405,'FLEXI',2,5263,'2022-1-28','2022-1-30',FALSE);
INSERT INTO ABSENTS (ABSENT_ID, ABSENCES_DETAILS_ID,ABSENT_TYPE, DAYS, PROJECTCODE, FROM_DATE, TO_DATE , APPROVAL_STATUS) VALUES (513,406,'ANNUAL',4,5263,'2022-4-3','2022-4-7',FALSE);
INSERT INTO ABSENTS (ABSENT_ID, ABSENCES_DETAILS_ID,ABSENT_TYPE, DAYS, PROJECTCODE, FROM_DATE, TO_DATE , APPROVAL_STATUS) VALUES (514,406,'SICK',2,5263,'2022-5-14','2022-5-16',FALSE);
INSERT INTO ABSENTS (ABSENT_ID, ABSENCES_DETAILS_ID,ABSENT_TYPE, DAYS, PROJECTCODE, FROM_DATE, TO_DATE , APPROVAL_STATUS) VALUES (515,407,'ANNUAL',6,5263,'2022-8-11','2022-8-17',FALSE);
INSERT INTO ABSENTS (ABSENT_ID, ABSENCES_DETAILS_ID,ABSENT_TYPE, DAYS, PROJECTCODE, FROM_DATE, TO_DATE , APPROVAL_STATUS) VALUES (516,407,'SICK',5,5263,'2022-11-20','2022-11-25',FALSE);
INSERT INTO ABSENTS (ABSENT_ID, ABSENCES_DETAILS_ID,ABSENT_TYPE, DAYS, PROJECTCODE, FROM_DATE, TO_DATE , APPROVAL_STATUS) VALUES (517,407,'FLEXI',2,5263,'2022-10-28','2022-10-30',FALSE);
INSERT INTO ABSENTS (ABSENT_ID, ABSENCES_DETAILS_ID,ABSENT_TYPE, DAYS, PROJECTCODE, FROM_DATE, TO_DATE , APPROVAL_STATUS) VALUES (518,408,'ANNUAL',0,5263,'2022-1-11','2022-1-11',TRUE);
INSERT INTO ABSENTS (ABSENT_ID, ABSENCES_DETAILS_ID,ABSENT_TYPE, DAYS, PROJECTCODE, FROM_DATE, TO_DATE , APPROVAL_STATUS) VALUES (519,408,'SICK',1,5263,'2022-7-15','2022-7-16',TRUE);
INSERT INTO ABSENTS (ABSENT_ID, ABSENCES_DETAILS_ID,ABSENT_TYPE, DAYS, PROJECTCODE, FROM_DATE, TO_DATE , APPROVAL_STATUS) VALUES (520,408,'FLEXI',2,5263,'2022-4-28','2022-4-30',TRUE);
INSERT INTO ABSENTS (ABSENT_ID, ABSENCES_DETAILS_ID,ABSENT_TYPE, DAYS, PROJECTCODE, FROM_DATE, TO_DATE , APPROVAL_STATUS) VALUES (521,409,'ANNUAL',9,5263,'2022-11-6','2022-11-15',TRUE);
INSERT INTO ABSENTS (ABSENT_ID, ABSENCES_DETAILS_ID,ABSENT_TYPE, DAYS, PROJECTCODE, FROM_DATE, TO_DATE , APPROVAL_STATUS) VALUES (522,409,'SICK',2,5263,'2022-8-20','2022-8-22',TRUE);
INSERT INTO ABSENTS (ABSENT_ID, ABSENCES_DETAILS_ID,ABSENT_TYPE, DAYS, PROJECTCODE, FROM_DATE, TO_DATE , APPROVAL_STATUS) VALUES (523,409,'FLEXI',1,5263,'2022-10-29','2022-10-30',TRUE);
INSERT INTO ABSENTS (ABSENT_ID, ABSENCES_DETAILS_ID,ABSENT_TYPE, DAYS, PROJECTCODE, FROM_DATE, TO_DATE , APPROVAL_STATUS) VALUES (524,410,'ANNUAL',7,5263,'2022-8-9','2022-8-16',TRUE);
INSERT INTO ABSENTS (ABSENT_ID, ABSENCES_DETAILS_ID,ABSENT_TYPE, DAYS, PROJECTCODE, FROM_DATE, TO_DATE , APPROVAL_STATUS) VALUES (525,410,'SICK',2,5263,'2022-9-13','2022-9-15',TRUE);
INSERT INTO ABSENTS (ABSENT_ID, ABSENCES_DETAILS_ID,ABSENT_TYPE, DAYS, PROJECTCODE, FROM_DATE, TO_DATE , APPROVAL_STATUS) VALUES (526,410,'FLEXI',2,5263,'2022-6-25','2022-6-27',FALSE);
INSERT INTO ABSENTS (ABSENT_ID, ABSENCES_DETAILS_ID,ABSENT_TYPE, DAYS, PROJECTCODE, FROM_DATE, TO_DATE , APPROVAL_STATUS) VALUES (527,411,'ANNUAL',1,5263,'2022-12-6','2022-12-7',FALSE);
INSERT INTO ABSENTS (ABSENT_ID, ABSENCES_DETAILS_ID,ABSENT_TYPE, DAYS, PROJECTCODE, FROM_DATE, TO_DATE , APPROVAL_STATUS) VALUES (528,411,'SICK',2,5263,'2022-9-14','2022-9-16',FALSE);
INSERT INTO ABSENTS (ABSENT_ID, ABSENCES_DETAILS_ID,ABSENT_TYPE, DAYS, PROJECTCODE, FROM_DATE, TO_DATE , APPROVAL_STATUS) VALUES (529,412,'ANNUAL',9,5263,'2022-6-2','2022-6-11',FALSE);
INSERT INTO ABSENTS (ABSENT_ID, ABSENCES_DETAILS_ID,ABSENT_TYPE, DAYS, PROJECTCODE, FROM_DATE, TO_DATE , APPROVAL_STATUS) VALUES (530,412,'SICK',5,5263,'2022-7-14','2022-7-19',FALSE);
INSERT INTO ABSENTS (ABSENT_ID, ABSENCES_DETAILS_ID,ABSENT_TYPE, DAYS, PROJECTCODE, FROM_DATE, TO_DATE , APPROVAL_STATUS) VALUES (531,413,'ANNUAL',3,5263,'2022-11-2','2022-11-5',FALSE);
INSERT INTO ABSENTS (ABSENT_ID, ABSENCES_DETAILS_ID,ABSENT_TYPE, DAYS, PROJECTCODE, FROM_DATE, TO_DATE , APPROVAL_STATUS) VALUES (532,413,'SICK',1,5263,'2022-1-21','2022-1-22',FALSE);
INSERT INTO ABSENTS (ABSENT_ID, ABSENCES_DETAILS_ID,ABSENT_TYPE, DAYS, PROJECTCODE, FROM_DATE, TO_DATE , APPROVAL_STATUS) VALUES (533,413,'FLEXI',2,5263,'2022-9-26','2022-9-28',FALSE);
INSERT INTO ABSENTS (ABSENT_ID, ABSENCES_DETAILS_ID,ABSENT_TYPE, DAYS, PROJECTCODE, FROM_DATE, TO_DATE , APPROVAL_STATUS) VALUES (534,414,'ANNUAL',1,5263,'2022-11-5','2022-11-6',FALSE);
INSERT INTO ABSENTS (ABSENT_ID, ABSENCES_DETAILS_ID,ABSENT_TYPE, DAYS, PROJECTCODE, FROM_DATE, TO_DATE , APPROVAL_STATUS) VALUES (535,414,'SICK',1,5263,'2022-8-18','2022-8-19',TRUE);
INSERT INTO ABSENTS (ABSENT_ID, ABSENCES_DETAILS_ID,ABSENT_TYPE, DAYS, PROJECTCODE, FROM_DATE, TO_DATE , APPROVAL_STATUS) VALUES (536,414,'FLEXI',2,5263,'2022-5-25','2022-5-27',TRUE);
INSERT INTO ABSENTS (ABSENT_ID, ABSENCES_DETAILS_ID,ABSENT_TYPE, DAYS, PROJECTCODE, FROM_DATE, TO_DATE , APPROVAL_STATUS) VALUES (537,415,'ANNUAL',5,5263,'2022-9-6','2022-9-11',TRUE);
INSERT INTO ABSENTS (ABSENT_ID, ABSENCES_DETAILS_ID,ABSENT_TYPE, DAYS, PROJECTCODE, FROM_DATE, TO_DATE , APPROVAL_STATUS) VALUES (538,415,'SICK',4,5263,'2022-10-20','2022-10-24',TRUE);
INSERT INTO ABSENTS (ABSENT_ID, ABSENCES_DETAILS_ID,ABSENT_TYPE, DAYS, PROJECTCODE, FROM_DATE, TO_DATE , APPROVAL_STATUS) VALUES (539,416,'ANNUAL',7,5263,'2022-11-10','2022-11-17',TRUE);
INSERT INTO ABSENTS (ABSENT_ID, ABSENCES_DETAILS_ID,ABSENT_TYPE, DAYS, PROJECTCODE, FROM_DATE, TO_DATE , APPROVAL_STATUS) VALUES (540,416,'SICK',0,5263,'2022-7-14','2022-7-14',TRUE);
INSERT INTO ABSENTS (ABSENT_ID, ABSENCES_DETAILS_ID,ABSENT_TYPE, DAYS, PROJECTCODE, FROM_DATE, TO_DATE , APPROVAL_STATUS) VALUES (541,416,'FLEXI',2,5263,'2022-10-27','2022-10-29',TRUE);
INSERT INTO ABSENTS (ABSENT_ID, ABSENCES_DETAILS_ID,ABSENT_TYPE, DAYS, PROJECTCODE, FROM_DATE, TO_DATE , APPROVAL_STATUS) VALUES (542,417,'ANNUAL',2,5263,'2022-4-10','2022-4-12',TRUE);
INSERT INTO ABSENTS (ABSENT_ID, ABSENCES_DETAILS_ID,ABSENT_TYPE, DAYS, PROJECTCODE, FROM_DATE, TO_DATE , APPROVAL_STATUS) VALUES (543,417,'SICK',0,5263,'2022-12-22','2022-12-22',TRUE);
INSERT INTO ABSENTS (ABSENT_ID, ABSENCES_DETAILS_ID,ABSENT_TYPE, DAYS, PROJECTCODE, FROM_DATE, TO_DATE , APPROVAL_STATUS) VALUES (544,417,'FLEXI',1,5263,'2022-3-25','2022-3-26',TRUE);
INSERT INTO ABSENTS (ABSENT_ID, ABSENCES_DETAILS_ID,ABSENT_TYPE, DAYS, PROJECTCODE, FROM_DATE, TO_DATE , APPROVAL_STATUS) VALUES (545,418,'ANNUAL',9,5263,'2022-6-10','2022-6-19',TRUE);
INSERT INTO ABSENTS (ABSENT_ID, ABSENCES_DETAILS_ID,ABSENT_TYPE, DAYS, PROJECTCODE, FROM_DATE, TO_DATE , APPROVAL_STATUS) VALUES (546,418,'SICK',3,5263,'2022-11-16','2022-11-19',TRUE);
INSERT INTO ABSENTS (ABSENT_ID, ABSENCES_DETAILS_ID,ABSENT_TYPE, DAYS, PROJECTCODE, FROM_DATE, TO_DATE , APPROVAL_STATUS) VALUES (547,418,'FLEXI',1,5263,'2022-10-26','2022-10-27',TRUE);
INSERT INTO ABSENTS (ABSENT_ID, ABSENCES_DETAILS_ID,ABSENT_TYPE, DAYS, PROJECTCODE, FROM_DATE, TO_DATE , APPROVAL_STATUS) VALUES (548,419,'ANNUAL',4,5263,'2022-7-8','2022-7-12',TRUE);
INSERT INTO ABSENTS (ABSENT_ID, ABSENCES_DETAILS_ID,ABSENT_TYPE, DAYS, PROJECTCODE, FROM_DATE, TO_DATE , APPROVAL_STATUS) VALUES (549,419,'SICK',4,5263,'2022-6-13','2022-6-17',TRUE);
INSERT INTO ABSENTS (ABSENT_ID, ABSENCES_DETAILS_ID,ABSENT_TYPE, DAYS, PROJECTCODE, FROM_DATE, TO_DATE , APPROVAL_STATUS) VALUES (550,419,'FLEXI',1,5263,'2022-8-28','2022-8-29',TRUE);
INSERT INTO ABSENTS (ABSENT_ID, ABSENCES_DETAILS_ID,ABSENT_TYPE, DAYS, PROJECTCODE, FROM_DATE, TO_DATE , APPROVAL_STATUS) VALUES (551,420,'ANNUAL',9,5263,'2022-3-4','2022-3-13',TRUE);
INSERT INTO ABSENTS (ABSENT_ID, ABSENCES_DETAILS_ID,ABSENT_TYPE, DAYS, PROJECTCODE, FROM_DATE, TO_DATE , APPROVAL_STATUS) VALUES (552,420,'SICK',1,5263,'2022-1-13','2022-1-14',TRUE);
INSERT INTO ABSENTS (ABSENT_ID, ABSENCES_DETAILS_ID,ABSENT_TYPE, DAYS, PROJECTCODE, FROM_DATE, TO_DATE , APPROVAL_STATUS) VALUES (553,420,'FLEXI',1,5263,'2022-10-27','2022-10-28',TRUE);

INSERT INTO EMPLOYEES (EMPLOYEE_ID, EMPLOYEE_NAME, GENDER, CLIENT_NAME, MARITAL_STATUS, DEPARTMENT, YEARS_IN_ORG, DATE_OF_JOINING, PERFORMANCE_MANAGER , REPORTING_MANAGER) VALUES (1001,'Simi N R','FEMALE','GOLDMAN SACHS','SINGLE','LIGHT HOUSE',1,'2022-10-19','ZAHID HUSSAIN', 'DILIP SRINIVAS');
INSERT INTO EMPLOYEES (EMPLOYEE_ID, EMPLOYEE_NAME, GENDER, CLIENT_NAME, MARITAL_STATUS, DEPARTMENT, YEARS_IN_ORG, DATE_OF_JOINING, PERFORMANCE_MANAGER , REPORTING_MANAGER) VALUES (1002,'Abhinav Anand','MALE','GOLDMAN SACHS','SINGLE','LIGHT HOUSE',1,'2022-10-20','ZAHID HUSSAIN', 'DILIP SRINIVAS');
INSERT INTO EMPLOYEES (EMPLOYEE_ID, EMPLOYEE_NAME, GENDER, CLIENT_NAME, MARITAL_STATUS, DEPARTMENT, YEARS_IN_ORG, DATE_OF_JOINING, PERFORMANCE_MANAGER , REPORTING_MANAGER) VALUES (1003,'Aarti Vaish','FEMALE','GOLDMAN SACHS','SINGLE','LIGHT HOUSE',1,'2022-10-21','ZAHID HUSSAIN', 'DILIP SRINIVAS');
INSERT INTO EMPLOYEES (EMPLOYEE_ID, EMPLOYEE_NAME, GENDER, CLIENT_NAME, MARITAL_STATUS, DEPARTMENT, YEARS_IN_ORG, DATE_OF_JOINING, PERFORMANCE_MANAGER , REPORTING_MANAGER) VALUES (1004,'Akhilesh Chaudhary','MALE','GOLDMAN SACHS','SINGLE','LIGHT HOUSE',2,'2022-10-22','ZAHID HUSSAIN', 'DILIP SRINIVAS');
INSERT INTO EMPLOYEES (EMPLOYEE_ID, EMPLOYEE_NAME, GENDER, CLIENT_NAME, MARITAL_STATUS, DEPARTMENT, YEARS_IN_ORG, DATE_OF_JOINING, PERFORMANCE_MANAGER , REPORTING_MANAGER) VALUES (1005,'Akula Prakash','FEMALE','GOLDMAN SACHS','MARRIED','BANKING',2,'2022-10-23','ZAHID HUSSAIN', 'DILIP SRINIVAS');
INSERT INTO EMPLOYEES (EMPLOYEE_ID, EMPLOYEE_NAME, GENDER, CLIENT_NAME, MARITAL_STATUS, DEPARTMENT, YEARS_IN_ORG, DATE_OF_JOINING, PERFORMANCE_MANAGER , REPORTING_MANAGER) VALUES (1006,'Saloni bajaj','FEMALE','GOLDMAN SACHS','MARRIED','BANKING',2,'2022-10-24','ZAHID HUSSAIN', 'DILIP SRINIVAS');
INSERT INTO EMPLOYEES (EMPLOYEE_ID, EMPLOYEE_NAME, GENDER, CLIENT_NAME, MARITAL_STATUS, DEPARTMENT, YEARS_IN_ORG, DATE_OF_JOINING, PERFORMANCE_MANAGER , REPORTING_MANAGER) VALUES (1007,'Saman Naseem','MALE','GOLDMAN SACHS','MARRIED','BANKING',3,'2022-10-25','ZAHID HUSSAIN', 'DILIP SRINIVAS');
INSERT INTO EMPLOYEES (EMPLOYEE_ID, EMPLOYEE_NAME, GENDER, CLIENT_NAME, MARITAL_STATUS, DEPARTMENT, YEARS_IN_ORG, DATE_OF_JOINING, PERFORMANCE_MANAGER , REPORTING_MANAGER) VALUES (1008,'Saumya Agarwal','FEMALE','GOLDMAN SACHS','MARRIED','BANKING',3,'2022-10-26','ZAHID HUSSAIN', 'DILIP SRINIVAS');
INSERT INTO EMPLOYEES (EMPLOYEE_ID, EMPLOYEE_NAME, GENDER, CLIENT_NAME, MARITAL_STATUS, DEPARTMENT, YEARS_IN_ORG, DATE_OF_JOINING, PERFORMANCE_MANAGER , REPORTING_MANAGER) VALUES (1009,'Thomas C','MALE','STANDARD CHARTERED','MARRIED','BANKING',3,'2022-10-27','ZAHID HUSSAIN', 'DILIP SRINIVAS');
INSERT INTO EMPLOYEES (EMPLOYEE_ID, EMPLOYEE_NAME, GENDER, CLIENT_NAME, MARITAL_STATUS, DEPARTMENT, YEARS_IN_ORG, DATE_OF_JOINING, PERFORMANCE_MANAGER , REPORTING_MANAGER) VALUES (1010,'Vijay Penugonda','MALE','STANDARD CHARTERED','MARRIED','BANKING',3,'2022-10-28','ZAHID HUSSAIN', 'DILIP SRINIVAS');
INSERT INTO EMPLOYEES (EMPLOYEE_ID, EMPLOYEE_NAME, GENDER, CLIENT_NAME, MARITAL_STATUS, DEPARTMENT, YEARS_IN_ORG, DATE_OF_JOINING, PERFORMANCE_MANAGER , REPORTING_MANAGER) VALUES (1011,'Viswanath Danne','MALE','STANDARD CHARTERED','MARRIED','FRM',3,'2022-10-29','ZAHID HUSSAIN', 'DILIP SRINIVAS');
INSERT INTO EMPLOYEES (EMPLOYEE_ID, EMPLOYEE_NAME, GENDER, CLIENT_NAME, MARITAL_STATUS, DEPARTMENT, YEARS_IN_ORG, DATE_OF_JOINING, PERFORMANCE_MANAGER , REPORTING_MANAGER) VALUES (1012,'Ziya Khan','FEMALE','STANDARD CHARTERED','MARRIED','FRM',1,'2022-10-30','ZAHID HUSSAIN', 'DILIP SRINIVAS');
INSERT INTO EMPLOYEES (EMPLOYEE_ID, EMPLOYEE_NAME, GENDER, CLIENT_NAME, MARITAL_STATUS, DEPARTMENT, YEARS_IN_ORG, DATE_OF_JOINING, PERFORMANCE_MANAGER , REPORTING_MANAGER) VALUES (1013,'Vinayaka Korgal','MALE','STANDARD CHARTERED','MARRIED','FRM',1,'2022-10-31','ZAHID HUSSAIN', 'DILIP SRINIVAS');
INSERT INTO EMPLOYEES (EMPLOYEE_ID, EMPLOYEE_NAME, GENDER, CLIENT_NAME, MARITAL_STATUS, DEPARTMENT, YEARS_IN_ORG, DATE_OF_JOINING, PERFORMANCE_MANAGER , REPORTING_MANAGER) VALUES (1014,'Varun Bora','MALE','STANDARD CHARTERED','MARRIED','FRM',3,'2022-11-1','ZAHID HUSSAIN', 'DILIP SRINIVAS');
INSERT INTO EMPLOYEES (EMPLOYEE_ID, EMPLOYEE_NAME, GENDER, CLIENT_NAME, MARITAL_STATUS, DEPARTMENT, YEARS_IN_ORG, DATE_OF_JOINING, PERFORMANCE_MANAGER , REPORTING_MANAGER) VALUES (1015,'Theertha Reddy','MALE','STANDARD CHARTERED','DIVORCED','FRM',3,'2022-11-2','ZAHID HUSSAIN', 'DILIP SRINIVAS');
INSERT INTO EMPLOYEES (EMPLOYEE_ID, EMPLOYEE_NAME, GENDER, CLIENT_NAME, MARITAL_STATUS, DEPARTMENT, YEARS_IN_ORG, DATE_OF_JOINING, PERFORMANCE_MANAGER , REPORTING_MANAGER) VALUES (1016,'Swetha Mathew','FEMALE','STANDARD CHARTERED','DIVORCED','FRM',4,'2022-11-3','ZAHID HUSSAIN', 'DILIP SRINIVAS');
INSERT INTO EMPLOYEES (EMPLOYEE_ID, EMPLOYEE_NAME, GENDER, CLIENT_NAME, MARITAL_STATUS, DEPARTMENT, YEARS_IN_ORG, DATE_OF_JOINING, PERFORMANCE_MANAGER , REPORTING_MANAGER) VALUES (1017,'Sunay Shetty','MALE','STANDARD CHARTERED','DIVORCED','FRM',4,'2022-11-4','ZAHID HUSSAIN', 'DILIP SRINIVAS');
INSERT INTO EMPLOYEES (EMPLOYEE_ID, EMPLOYEE_NAME, GENDER, CLIENT_NAME, MARITAL_STATUS, DEPARTMENT, YEARS_IN_ORG, DATE_OF_JOINING, PERFORMANCE_MANAGER , REPORTING_MANAGER) VALUES (1018,'Subhalakshmi Basu','FEMALE','WESTERN UNION','WIDOWED','INSURANCE',4,'2022-11-5','ZAHID HUSSAIN', 'DILIP SRINIVAS');
INSERT INTO EMPLOYEES (EMPLOYEE_ID, EMPLOYEE_NAME, GENDER, CLIENT_NAME, MARITAL_STATUS, DEPARTMENT, YEARS_IN_ORG, DATE_OF_JOINING, PERFORMANCE_MANAGER , REPORTING_MANAGER) VALUES (1019,'Shivani Wasan','FEMALE','WESTERN UNION','WIDOWED','INSURANCE',4,'2022-11-6','ZAHID HUSSAIN', 'DILIP SRINIVAS');
INSERT INTO EMPLOYEES (EMPLOYEE_ID, EMPLOYEE_NAME, GENDER, CLIENT_NAME, MARITAL_STATUS, DEPARTMENT, YEARS_IN_ORG, DATE_OF_JOINING, PERFORMANCE_MANAGER , REPORTING_MANAGER) VALUES (1020,'Rosna Jose','FEMALE','WESTERN UNION','WIDOWED','INSURANCE',4,'2022-11-7','ZAHID HUSSAIN', 'DILIP SRINIVAS');